id,name,rank,points,country,tour,last_updated,created_at
5605ea52-4ebd-4431-8b61-788e6142cd8f,Alcaraz C.,1,0,,ATP,2026-01-18T14:00:25.359510,2026-01-18T14:00:25.359577
c3e0e594-a0bb-46ff-b8fa-dd48b7fba291,Djokovic N.,1,0,,ATP,2026-01-18T14:00:25.359510,2026-01-18T14:00:25.359577
85c0f34b-7a0e-4541-9bd0-92a3fddf3d3a,Sinner J.,1,0,,ATP,2026-01-18T14:00:25.359510,2026-01-18T14:00:25.359577
b16720a9-a9df-4cb9-818d-15a95e642d8a,Zverev A.,2,0,,ATP,2026-01-18T14:00:25.359510,2026-01-18T14:00:25.359577
f3f745d2-325a-435b-995d-67c6c504a6fe,Medvedev D.,3,0,,ATP,2026-01-18T14:00:25.359510,2026-01-18T14:00:25.359577
6be7252c-6d9d-4c84-9281-4bc015f66e6c,Draper J.,4,0,,ATP,2026-01-18T14:00:25.359510,2026-01-18T14:00:25.359577
0aac7dbf-a5de-435c-957e-1e5b47348c04,Fritz T.,4,0,,ATP,2026-01-18T14:00:25.359510,2026-01-18T14:00:25.359577
e4757a5a-df15-48fd-896e-ff1dea8ed4b6,Rublev A.,5,0,,ATP,2026-01-18T14:00:25.359510,2026-01-18T14:00:25.359577
eaa01051-e85d-474e-966d-6df533ceca51,Ruud C.,5,0,,ATP,2026-01-18T14:00:25.359510,2026-01-18T14:00:25.359577
ece01404-ba45-44dd-8b43-6036e66d629b,Shelton B.,5,0,,ATP,2026-01-18T14:00:25.359510,2026-01-18T14:00:25.359577
aca35c8b-2e7f-426d-b052-f7d80d228cdc,De Minaur A.,6,0,,ATP,2026-01-18T14:00:25.359510,2026-01-18T14:00:25.359577
22bea24c-e36e-4a01-9d72-a9abce8acd80,Hurkacz H.,6,0,,ATP,2026-01-18T14:00:25.359510,2026-01-18T14:00:25.359577
f2ef5760-9f2a-4fc7-92cd-1a9eedabaeeb,Musetti L.,7,0,,ATP,2026-01-18T14:00:25.359510,2026-01-18T14:00:25.359577
c4a0867b-712c-4f5c-b727-e9b69601664a,Rune H.,7,0,,ATP,2026-01-18T14:00:25.359510,2026-01-18T14:00:25.359577
931f4e2f-9e9c-4b09-88a8-292e7370bd1b,Tsitsipas S.,7,0,,ATP,2026-01-18T14:00:25.359510,2026-01-18T14:00:25.359577
9dcbe79d-3441-4505-acee-6293cc0047d7,Auger-Aliassime F.,8,0,,ATP,2026-01-18T14:00:25.359510,2026-01-18T14:00:25.359577
f013f73e-8ad0-4ce2-aa09-b9d5326ba534,Dimitrov G.,9,0,,ATP,2026-01-18T14:00:25.359510,2026-01-18T14:00:25.359577
5c101609-caa7-4127-877d-e2c67f56dad1,Khachanov K.,9,0,,ATP,2026-01-18T14:00:25.359510,2026-01-18T14:00:25.359577
b38834f6-8b33-4364-8d78-5af788732702,Paul T.,9,0,,ATP,2026-01-18T14:00:25.359510,2026-01-18T14:00:25.359577
c78f7ef2-cf70-451a-85ce-c75c21655ba9,Tiafoe F.,11,0,,ATP,2026-01-18T14:00:25.359510,2026-01-18T14:00:25.359577
4dac5b17-b966-41ff-9e06-dcde543510e4,Bublik A.,13,0,,ATP,2026-01-18T14:00:25.359510,2026-01-18T14:00:25.359577
8eef4487-ca83-41fe-bb91-9637760a48da,Humbert U.,13,0,,ATP,2026-01-18T14:00:25.359510,2026-01-18T14:00:25.359577
a0b6a6aa-aaf5-4489-a905-7784b1acd7ed,Fils A.,14,0,,ATP,2026-01-18T14:00:25.359510,2026-01-18T14:00:25.359577
5b22648b-0f24-4764-b58a-c6f9e8d6599d,Davidovich Fokina A.,15,0,,ATP,2026-01-18T14:00:25.359510,2026-01-18T14:00:25.359577
e8c69ffa-7ce6-44f5-8ca3-ba45134fd051,Korda S.,15,0,,ATP,2026-01-18T14:00:25.359510,2026-01-18T14:00:25.359577
b5c2fadd-ad54-4a0f-a521-1a5049846ed7,Mensik J.,16,0,,ATP,2026-01-18T14:00:25.359510,2026-01-18T14:00:25.359577
9b971fca-12be-4d7b-b9c3-9f53dd904ec8,Cobolli F.,17,0,,ATP,2026-01-18T14:00:25.359510,2026-01-18T14:00:25.359577
a1f16e74-c271-4d18-92ec-331eaaad0112,Lehecka J.,17,0,,ATP,2026-01-18T14:00:25.359510,2026-01-18T14:00:25.359577
34f1f3d5-95dd-43b0-8ab6-9f43bd4df541,Mannarino A.,17,0,,ATP,2026-01-18T14:00:25.359510,2026-01-18T14:00:25.359577
5adc5cd2-5e98-4cc1-892b-5421b3b5b7c0,Baez S.,18,0,,ATP,2026-01-18T14:00:25.359510,2026-01-18T14:00:25.359577
a9f1147d-ffe0-4a39-8762-f65a1286bf9b,Cerundolo F.,18,0,,ATP,2026-01-18T14:00:25.359510,2026-01-18T14:00:25.359577
0de2da3b-c9dd-4432-abdc-fa15b9b3ec63,Jarry N.,18,0,,ATP,2026-01-18T14:00:25.359510,2026-01-18T14:00:25.359577
4c27463c-8c1d-4428-9153-2c2a327cee39,Norrie C.,19,0,,ATP,2026-01-18T14:00:25.359510,2026-01-18T14:00:25.359577
7a464044-502e-4608-af0c-fc16d215c85d,Popyrin A.,19,0,,ATP,2026-01-18T14:00:25.359510,2026-01-18T14:00:25.359577
ec6af5a5-ebef-45fb-924e-ae20709c5661,Tabilo A.,19,0,,ATP,2026-01-18T14:00:25.359510,2026-01-18T14:00:25.359577
fec2850c-efad-444f-a793-f9656fdca648,Machac T.,20,0,,ATP,2026-01-18T14:00:25.359510,2026-01-18T14:00:25.359577
be443690-01cd-4860-8b28-47b9b2bc1f54,Griekspoor T.,23,0,,ATP,2026-01-18T14:00:25.359510,2026-01-18T14:00:25.359577
61145824-ba69-4748-b0b2-daa8c01046eb,Shapovalov D.,23,0,,ATP,2026-01-18T14:00:25.359510,2026-01-18T14:00:25.359577
4b32582f-1652-494c-a88d-f98efeb364ed,Struff J.L.,24,0,,ATP,2026-01-18T14:00:25.359510,2026-01-18T14:00:25.359577
a4f748f3-f807-4154-a2fc-bd19fe098af2,Darderi L.,26,0,,ATP,2026-01-18T14:00:25.359510,2026-01-18T14:00:25.359577
baba1858-e547-4862-b62e-fbb5a01c7538,Thompson J.,26,0,,ATP,2026-01-18T14:00:25.359510,2026-01-18T14:00:25.359577
b9bbe69c-1265-47b9-8ac1-48b528d15273,Etcheverry T.,27,0,,ATP,2026-01-18T14:00:25.359510,2026-01-18T14:00:25.359577
17b37fab-42c2-4c68-aa11-78597e28909a,Fonseca J.,28,0,,ATP,2026-01-18T14:00:25.359510,2026-01-18T14:00:25.359577
e8f3a470-997c-40e7-a6c9-349f598e1704,Rinderknech A.,28,0,,ATP,2026-01-18T14:00:25.359510,2026-01-18T14:00:25.359577
ae4e7ae3-36eb-47eb-b4c0-dbacc3cd3ee9,Berrettini M.,29,0,,ATP,2026-01-18T14:00:25.359510,2026-01-18T14:00:25.359577
27cd221d-cfe0-4afd-bc8d-4cd35027e843,Mpetshi G.,29,0,,ATP,2026-01-18T14:00:25.359510,2026-01-18T14:00:25.359577
5723a004-cc68-46c6-8734-0f5eb19ae084,Nakashima B.,29,0,,ATP,2026-01-18T14:00:25.359510,2026-01-18T14:00:25.359577
6d9c7eb9-3a51-4ede-9d5e-61ea2f5c2f09,Navone M.,29,0,,ATP,2026-01-18T14:00:25.359510,2026-01-18T14:00:25.359577
6907b5b5-9ec5-429d-be7d-688b131094d0,Arnaldi M.,30,0,,ATP,2026-01-18T14:00:25.359510,2026-01-18T14:00:25.359577
6c93de47-2c8b-4ff0-9aab-850611428f4b,Coric B.,31,0,,ATP,2026-01-18T14:00:25.359510,2026-01-18T14:00:25.359577
bae7d380-4975-430b-929f-6068039446b9,Moutet C.,31,0,,ATP,2026-01-18T14:00:25.359510,2026-01-18T14:00:25.359577
57a6ece9-c4bc-49ec-85d3-1d0ee617552d,Eubanks C.,32,0,,ATP,2026-01-18T14:00:25.359510,2026-01-18T14:00:25.359577
b500b0fa-c05a-4797-a395-62554cd8547c,Michelsen A.,32,0,,ATP,2026-01-18T14:00:25.359510,2026-01-18T14:00:25.359577
3a613988-e8ef-4779-81b5-5bd81feb7bb3,Borges N.,33,0,,ATP,2026-01-18T14:00:25.359510,2026-01-18T14:00:25.359577
d99ca66f-7d6c-4853-add1-773b2b94771d,Diallo G.,33,0,,ATP,2026-01-18T14:00:25.359510,2026-01-18T14:00:25.359577
84de872a-2342-44c2-98e1-ea2c9f3899e4,Djere L.,33,0,,ATP,2026-01-18T14:00:25.359510,2026-01-18T14:00:25.359577
dc89ee1a-bd5a-413f-af25-524dd8fa92cc,Monfils G.,33,0,,ATP,2026-01-18T14:00:25.359510,2026-01-18T14:00:25.359577
7acdbe2b-8950-4400-8263-d68aed414ce3,Zhang Zh.,33,0,,ATP,2026-01-18T14:00:25.359510,2026-01-18T14:00:25.359577
347d9cce-1f96-403e-9658-1ed18bb6258b,Sonego L.,34,0,,ATP,2026-01-18T14:00:25.359510,2026-01-18T14:00:25.359577
cb8f64b4-b087-4aa5-b762-5b3746889589,Karatsev A.,35,0,,ATP,2026-01-18T14:00:25.359510,2026-01-18T14:00:25.359577
6b09778b-8f98-457e-87f4-9756954086dd,Marozsan F.,36,0,,ATP,2026-01-18T14:00:25.359510,2026-01-18T14:00:25.359577
041b4bcb-27bc-4488-8e47-7b7190bf6fe2,Martinez P.,36,0,,ATP,2026-01-18T14:00:25.359510,2026-01-18T14:00:25.359577
436d9770-0562-428e-ab11-79e130154fa8,Munar J.,36,0,,ATP,2026-01-18T14:00:25.359510,2026-01-18T14:00:25.359577
4a50758e-f2dc-4cd1-884b-5941e7577386,Safiullin R.,36,0,,ATP,2026-01-18T14:00:25.359510,2026-01-18T14:00:25.359577
2c0ca49f-f6ef-4223-817a-666a3bfad380,Tien L.,36,0,,ATP,2026-01-18T14:00:25.359510,2026-01-18T14:00:25.359577
f3747643-5670-4767-b493-ad46c145aef5,Giron M.,37,0,,ATP,2026-01-18T14:00:25.359510,2026-01-18T14:00:25.359577
13b9a779-5f95-4163-82ad-d261300bfb8c,Ofner S.,37,0,,ATP,2026-01-18T14:00:25.359510,2026-01-18T14:00:25.359577
5374acad-9f5c-468e-9f55-e8ef55533f8b,Evans D.,38,0,,ATP,2026-01-18T14:00:25.359510,2026-01-18T14:00:25.359577
f5c11880-ef0c-4c46-a6fe-962d63656fa0,Muller A.,38,0,,ATP,2026-01-18T14:00:25.359510,2026-01-18T14:00:25.359577
2bbcba9f-5145-4841-8fa2-be5f3993f8f5,Bergs Z.,39,0,,ATP,2026-01-18T14:00:25.359510,2026-01-18T14:00:25.359577
b502c4f0-c582-40b1-a3e1-0392727c42e6,Vacherot V.,39,0,,ATP,2026-01-18T14:00:25.359510,2026-01-18T14:00:25.359577
f3dafee0-6c75-47d4-ba63-7dbc4fcaa135,Kecmanovic M.,40,0,,ATP,2026-01-18T14:00:25.359510,2026-01-18T14:00:25.359577
ebf1e92d-37c7-4d4a-9227-e6445c465891,Mcdonald M.,41,0,,ATP,2026-01-18T14:00:25.359510,2026-01-18T14:00:25.359577
934111cd-d748-469f-be4e-32081ab7943d,Purcell M.,41,0,,ATP,2026-01-18T14:00:25.359510,2026-01-18T14:00:25.359577
f352148f-082d-40c6-9171-6939023fd940,Bautista Agut R.,42,0,,ATP,2026-01-18T14:00:25.359510,2026-01-18T14:00:25.359577
a78d61b0-104c-4578-b5af-4eb3e676fd2f,Murray A.,42,0,,ATP,2026-01-18T14:00:25.359510,2026-01-18T14:00:25.359577
dfc0b6d6-b898-4c41-83da-acf613f4a6af,Ruusuvuori E.,43,0,,ATP,2026-01-18T14:00:25.359510,2026-01-18T14:00:25.359577
220c8b05-330d-492a-ad11-7e67cde899c8,Ugo Carabelli C.,43,0,,ATP,2026-01-18T14:00:25.359510,2026-01-18T14:00:25.359577
f4b9976a-351b-4fff-908f-067e94be958c,Shevchenko A.,45,0,,ATP,2026-01-18T14:00:25.359510,2026-01-18T14:00:25.359577
2cb3c5d0-2972-44cb-ba96-c807d0da0a5d,Altmaier D.,46,0,,ATP,2026-01-18T14:00:25.359510,2026-01-18T14:00:25.359577
41c9e7b2-7abc-449a-96ec-8f05e3f3cb0e,Halys Q.,46,0,,ATP,2026-01-18T14:00:25.359510,2026-01-18T14:00:25.359577
2d41e2c0-f94a-4cdb-af89-243fa035396d,Bonzi B.,47,0,,ATP,2026-01-18T14:00:25.359510,2026-01-18T14:00:25.359577
708754b7-a874-4b38-89fc-d06afdb51511,Diaz Acosta F.,47,0,,ATP,2026-01-18T14:00:25.359510,2026-01-18T14:00:25.359577
2a6ed539-8178-4476-b527-c56967ecee2e,Shang J.,47,0,,ATP,2026-01-18T14:00:25.359510,2026-01-18T14:00:25.359577
5de70b18-983e-46a4-b9e2-7244738bc680,Fearnley J.,49,0,,ATP,2026-01-18T14:00:25.359510,2026-01-18T14:00:25.359577
3706644b-cc4e-4833-af70-ed687cd6d3a9,Goffin D.,49,0,,ATP,2026-01-18T14:00:25.359510,2026-01-18T14:00:25.359577
73847a1a-d17f-4174-93fd-e0c9b66982bb,Hanfmann Y.,49,0,,ATP,2026-01-18T14:00:25.359510,2026-01-18T14:00:25.359577
739b0812-1a46-4ad7-be37-cbcf1b711f8e,Koepfer D.,49,0,,ATP,2026-01-18T14:00:25.359510,2026-01-18T14:00:25.359577
ae8c71ff-3960-4b16-af96-741b643349ba,Carballes Baena R.,50,0,,ATP,2026-01-18T14:00:25.359510,2026-01-18T14:00:25.359577
689348bc-6406-4e48-aeda-1ef6ed2f91b9,Fucsovics M.,50,0,,ATP,2026-01-18T14:00:25.359510,2026-01-18T14:00:25.359577
9d0bdf9e-aa80-409f-b05a-428d04dc5149,Nishioka Y.,50,0,,ATP,2026-01-18T14:00:25.359510,2026-01-18T14:00:25.359577
cf8e5737-65eb-4eed-99c9-48072a71642a,Opelka R.,50,0,,ATP,2026-01-18T14:00:25.359510,2026-01-18T14:00:25.359577
f00c6ce2-c83e-4455-844f-4039a9bc99a3,Van De Zandschulp B.,50,0,,ATP,2026-01-18T14:00:25.359510,2026-01-18T14:00:25.359577
f20b6e97-da03-4e3e-9442-88385f11cac0,Lajovic D.,51,0,,ATP,2026-01-18T14:00:25.359510,2026-01-18T14:00:25.359577
d4dd2991-d2ce-4ef5-871c-1eb497a70611,Kotov P.,53,0,,ATP,2026-01-18T14:00:25.359510,2026-01-18T14:00:25.359577
78bed31c-98a7-4445-97e1-d32d51392ea3,Wolf J.J.,53,0,,ATP,2026-01-18T14:00:25.359510,2026-01-18T14:00:25.359577
2af0a183-638d-4b51-9a40-ca5de1fb8200,Comesana F.,54,0,,ATP,2026-01-18T14:00:25.359510,2026-01-18T14:00:25.359577
71fcc4d8-3927-4ce4-aa5d-d8d031543c1a,Dzumhur D.,54,0,,ATP,2026-01-18T14:00:25.359510,2026-01-18T14:00:25.359577
1e1de248-d227-4475-867e-1c38022575b4,Brooksby J.,55,0,,ATP,2026-01-18T14:00:25.359510,2026-01-18T14:00:25.359577
dfe32b04-853a-4aa6-b865-2415cce000b4,Mpetshi Perricard G.,56,0,,ATP,2026-01-18T14:00:25.359510,2026-01-18T14:00:25.359577
4709b445-ee5e-4fb2-88f2-0350e4a3b42b,Royer V.,56,0,,ATP,2026-01-18T14:00:25.359510,2026-01-18T14:00:25.359577
fa9c1d42-035c-4f08-8454-c35f90daa006,Wawrinka S.,56,0,,ATP,2026-01-18T14:00:25.359510,2026-01-18T14:00:25.359577
a09e12ee-485c-49bc-9731-5e1b89da795e,Medjedovic H.,57,0,,ATP,2026-01-18T14:00:25.359510,2026-01-18T14:00:25.359577
a7c8896f-bcf8-47f6-8144-9af349dc60e4,Cazaux A.,58,0,,ATP,2026-01-18T14:00:25.359510,2026-01-18T14:00:25.359577
68acb1b3-f5b6-4059-a248-c9b44faffc90,Daniel T.,58,0,,ATP,2026-01-18T14:00:25.359510,2026-01-18T14:00:25.359577
7e720db6-3883-4901-9383-4aefdd0f66eb,Etcheverry T. M.,58,0,,ATP,2026-01-18T14:00:25.359510,2026-01-18T14:00:25.359577
d57631f5-139f-4839-acc1-851637f7addc,O Connell C.,58,0,,ATP,2026-01-18T14:00:25.359510,2026-01-18T14:00:25.359577
5ad594fa-4106-440e-b31a-4b4c9763e7da,Seyboth Wild T.,58,0,,ATP,2026-01-18T14:00:25.359510,2026-01-18T14:00:25.359577
a33b9947-792e-49bc-88cf-ff2a7755f560,Cilic M.,59,0,,ATP,2026-01-18T14:00:25.359510,2026-01-18T14:00:25.359577
ec94276b-400c-4dd0-9537-d49c479610e4,Vukic A.,60,0,,ATP,2026-01-18T14:00:25.359510,2026-01-18T14:00:25.359577
e865ebdd-3bdc-48a1-b131-2015cfe32c9c,Atmane T.,61,0,,ATP,2026-01-18T14:00:25.359510,2026-01-18T14:00:25.359577
a9cdaab4-fea6-4fcf-89d3-e005bd54dfd6,Gaston H.,61,0,,ATP,2026-01-18T14:00:25.359510,2026-01-18T14:00:25.359577
8ddc4cc0-e302-4f96-82ff-585be8803b3a,Hijikata R.,62,0,,ATP,2026-01-18T14:00:25.359510,2026-01-18T14:00:25.359577
9fd6a686-12cb-4099-8b30-1c25429c169b,Kovacevic A.,62,0,,ATP,2026-01-18T14:00:25.359510,2026-01-18T14:00:25.359577
bc7a5e91-4ea5-48d8-99f8-a4ee74379293,Nishikori K.,62,0,,ATP,2026-01-18T14:00:25.359510,2026-01-18T14:00:25.359577
a7ff5768-627b-4390-b0f8-e2f5716b2966,Bellucci M.,63,0,,ATP,2026-01-18T14:00:25.359510,2026-01-18T14:00:25.359577
c382aecd-95a6-4aba-bb11-a9c6011829ff,Duckworth J.,63,0,,ATP,2026-01-18T14:00:25.359510,2026-01-18T14:00:25.359577
6a9de5fe-ec9f-42f2-bf18-ceebb6c38007,Bu Y.,65,0,,ATP,2026-01-18T14:00:25.359510,2026-01-18T14:00:25.359577
5b6d584b-3254-450f-9192-ff78550c985b,Kokkinakis T.,65,0,,ATP,2026-01-18T14:00:25.359510,2026-01-18T14:00:25.359577
43b5381c-5aab-4cfe-bd9b-63ae180159ad,Majchrzak K.,66,0,,ATP,2026-01-18T14:00:25.359510,2026-01-18T14:00:25.359577
7d0303cf-a61f-47fe-bdf8-3065e3e11dbe,Nardi L.,67,0,,ATP,2026-01-18T14:00:25.359510,2026-01-18T14:00:25.359577
32860283-c92e-4da8-a70b-6264962bc656,Nagal S.,68,0,,ATP,2026-01-18T14:00:25.359510,2026-01-18T14:00:25.359577
fd0de8b4-de79-4c66-91e9-8f4d792ee620,Van Assche L.,68,0,,ATP,2026-01-18T14:00:25.359510,2026-01-18T14:00:25.359577
895b69ad-d2db-4581-86f4-6dbbd4851def,Coria F.,69,0,,ATP,2026-01-18T14:00:25.359510,2026-01-18T14:00:25.359577
e81c8898-5cb8-4b4f-acf0-7533289c25fb,Cachin P.,70,0,,ATP,2026-01-18T14:00:25.359510,2026-01-18T14:00:25.359577
f87352df-849b-421a-a8e6-b98fea9086bb,Fognini F.,70,0,,ATP,2026-01-18T14:00:25.359510,2026-01-18T14:00:25.359577
c3b1f670-439b-4329-8288-1c4d3f94e220,Quinn E.,71,0,,ATP,2026-01-18T14:00:25.359510,2026-01-18T14:00:25.359577
7d5829b1-8573-423f-94cd-e0bf139d330f,Cerundolo J.M.,72,0,,ATP,2026-01-18T14:00:25.359510,2026-01-18T14:00:25.359577
533645f2-7166-4268-90bc-8061109138af,Gojo B.,72,0,,ATP,2026-01-18T14:00:25.359510,2026-01-18T14:00:25.359577
be78e34f-8ed6-4056-b5f8-ca8d93f55372,Collignon R.,73,0,,ATP,2026-01-18T14:00:25.359510,2026-01-18T14:00:25.359577
182ac94b-7230-4ec3-93e8-03255ff2994e,Monteiro T.,75,0,,ATP,2026-01-18T14:00:25.359510,2026-01-18T14:00:25.359577
85fab79d-b6da-4f5e-be0c-fa3e99655c82,Gasquet R.,76,0,,ATP,2026-01-18T14:00:25.359510,2026-01-18T14:00:25.359577
617e5528-feec-48a7-9463-8f0f31717245,Walton A.,76,0,,ATP,2026-01-18T14:00:25.359510,2026-01-18T14:00:25.359577
551b1f4f-4bf3-4247-ba88-86d6b2edd287,Zapata Miralles B.,77,0,,ATP,2026-01-18T14:00:25.359510,2026-01-18T14:00:25.359577
38b491cf-a77d-4096-a89a-513eb5ad3cb0,Galan D.E.,78,0,,ATP,2026-01-18T14:00:25.359510,2026-01-18T14:00:25.359577
4c59c3f5-fea3-428f-9f62-a1cd5164b07f,Kopriva V.,78,0,,ATP,2026-01-18T14:00:25.359510,2026-01-18T14:00:25.359577
ab65e79f-47ef-415e-bb16-4c09fc704616,Dellien H.,79,0,,ATP,2026-01-18T14:00:25.359510,2026-01-18T14:00:25.359577
9e4d4f12-68b4-4b19-8769-637e7873cd69,De Jong J.,81,0,,ATP,2026-01-18T14:00:25.359510,2026-01-18T14:00:25.359577
9083df5f-985f-45c8-bf8e-4ff9965efd16,Varillas J. P.,81,0,,ATP,2026-01-18T14:00:25.359510,2026-01-18T14:00:25.359577
de4ce702-f40e-4e3e-970a-c1638e6ccaaf,Barrere G.,83,0,,ATP,2026-01-18T14:00:25.359510,2026-01-18T14:00:25.359577
0b5f992a-9902-4839-a6c8-cfcf79a4c292,Garin C.,83,0,,ATP,2026-01-18T14:00:25.359510,2026-01-18T14:00:25.359577
f264a88c-7f1a-429d-aa3d-a4da6549b943,Ramos-Vinolas A.,84,0,,ATP,2026-01-18T14:00:25.359510,2026-01-18T14:00:25.359577
91b12d35-4864-4d8d-b679-0edae5a23247,Marterer M.,85,0,,ATP,2026-01-18T14:00:25.359510,2026-01-18T14:00:25.359577
d05dc5a6-8a99-4323-8054-8a1347e56582,Varillas J.P.,85,0,,ATP,2026-01-18T14:00:25.359510,2026-01-18T14:00:25.359577
0c12920c-250c-4d0d-83d4-fda86ea9a7a5,Faria J.,87,0,,ATP,2026-01-18T14:00:25.359510,2026-01-18T14:00:25.359577
245fcbfc-48e3-4e6b-9654-ed9734642fa5,McDonald M.,88,0,,ATP,2026-01-18T14:00:25.359510,2026-01-18T14:00:25.359577
a0de7c60-522f-47ba-8545-a2f2ed5e9c71,Lestienne C.,90,0,,ATP,2026-01-18T14:00:25.359510,2026-01-18T14:00:25.359577
e8fa8548-7949-46d0-9d88-98bcd1243509,Svrcina D.,91,0,,ATP,2026-01-18T14:00:25.359510,2026-01-18T14:00:25.359577
3281584d-ddd1-41ce-b812-59dd98855e58,Thiem D.,91,0,,ATP,2026-01-18T14:00:25.359510,2026-01-18T14:00:25.359577
bb92946c-7d63-495c-af02-eb7dbeeb220f,Misolic F.,92,0,,ATP,2026-01-18T14:00:25.359510,2026-01-18T14:00:25.359577
5b607441-0cb1-48a6-819b-044f4c59621e,Virtanen O.,92,0,,ATP,2026-01-18T14:00:25.359510,2026-01-18T14:00:25.359577
7a2a619b-25f1-4b10-b479-b976be3e3a25,Carreno Busta P.,93,0,,ATP,2026-01-18T14:00:25.359510,2026-01-18T14:00:25.359577
7469b701-d48e-4661-9251-02faf2736269,Rodionov J.,96,0,,ATP,2026-01-18T14:00:25.359510,2026-01-18T14:00:25.359577
c44f8724-a571-43c3-bba1-861b0633f6c4,Schoolkate T.,96,0,,ATP,2026-01-18T14:00:25.359510,2026-01-18T14:00:25.359577
cd4c9406-1e67-4041-9053-7e972f1251de,Spizzirri E.,96,0,,ATP,2026-01-18T14:00:25.359510,2026-01-18T14:00:25.359577
1f75ed62-a5a6-442b-9528-fd57be6fb389,Tseng C.H.,96,0,,ATP,2026-01-18T14:00:25.359510,2026-01-18T14:00:25.359577
da0bde5a-d86d-4434-88e0-e8ef171a58db,Basavareddy N.,99,0,,ATP,2026-01-18T14:00:25.359510,2026-01-18T14:00:25.359577
c7186623-434d-4c57-afab-a6a6d1da785d,Holt B.,99,0,,ATP,2026-01-18T14:00:25.359510,2026-01-18T14:00:25.359577
65f12724-06f7-4764-801a-f4f7d8801cb1,Basilashvili N.,100,0,,ATP,2026-01-18T14:00:25.359510,2026-01-18T14:00:25.359577
fa68cef3-41a5-45aa-938e-65185c82e002,Tirante T.A.,100,0,,ATP,2026-01-18T14:00:25.359510,2026-01-18T14:00:25.359577
2f944812-386a-4c2f-aa93-76da192f9efe,Passaro F.,101,0,,ATP,2026-01-18T14:00:25.359510,2026-01-18T14:00:25.359577
023cd855-3d4d-4083-98ab-d187f512b4e6,Blockx A.,102,0,,ATP,2026-01-18T14:00:25.359510,2026-01-18T14:00:25.359577
55a720f4-a831-4caf-b48d-d8e6f9d9592c,Kovalik J.,102,0,,ATP,2026-01-18T14:00:25.359510,2026-01-18T14:00:25.359577
e040b180-4876-402b-901a-97304eaf640c,Kubler J.,102,0,,ATP,2026-01-18T14:00:25.359510,2026-01-18T14:00:25.359577
4d4d8ca7-c10d-4d0a-975c-4602472e91cc,Mochizuki S.,102,0,,ATP,2026-01-18T14:00:25.359510,2026-01-18T14:00:25.359577
9d4bc0c8-8d8d-451d-ac6a-3dfe6279a213,Moller E.,102,0,,ATP,2026-01-18T14:00:25.359510,2026-01-18T14:00:25.359577
32965a5f-3899-47d7-ac76-4bbc46ebc62e,Svajda Z.,102,0,,ATP,2026-01-18T14:00:25.359510,2026-01-18T14:00:25.359577
f2c5a3f7-29f0-48b2-bf69-d593e3f6ee53,Watanuki Y.,102,0,,ATP,2026-01-18T14:00:25.359510,2026-01-18T14:00:25.359577
3b72d2c7-d60a-4c8d-b30c-5436a278a006,Pouille L.,103,0,,ATP,2026-01-18T14:00:25.359510,2026-01-18T14:00:25.359577
b9659a4d-c1fe-45b2-a573-ca0ddec3255d,Nava E.,105,0,,ATP,2026-01-18T14:00:25.359510,2026-01-18T14:00:25.359577
3a68ff4c-cbb1-45cb-ac2a-bac2d67c681e,Harris B.,106,0,,ATP,2026-01-18T14:00:25.359510,2026-01-18T14:00:25.359577
9c20eed3-1e86-4de0-adf3-891581d26f6c,Mayot H.,107,0,,ATP,2026-01-18T14:00:25.359510,2026-01-18T14:00:25.359577
09ee84d8-0f2a-446a-b7c7-e6b02d3d9cb6,Taberner C.,107,0,,ATP,2026-01-18T14:00:25.359510,2026-01-18T14:00:25.359577
88e323ca-f057-4676-ad0e-a31353bb7dcc,Barrios M.,108,0,,ATP,2026-01-18T14:00:25.359510,2026-01-18T14:00:25.359577
bd8cf942-4b34-4562-a3c1-d0d7916bf38e,Broady L.,108,0,,ATP,2026-01-18T14:00:25.359510,2026-01-18T14:00:25.359577
c67d7a90-8dcd-4edf-b833-600e3eaa6361,Ajdukovic D.,110,0,,ATP,2026-01-18T14:00:25.359510,2026-01-18T14:00:25.359577
4b1b351a-31e5-4c9c-8d2d-0bbfe382ddaa,Kukushkin M.,111,0,,ATP,2026-01-18T14:00:25.359510,2026-01-18T14:00:25.359577
ed067593-0de3-410f-9791-1f71cd69c480,Zeppieri G.,111,0,,ATP,2026-01-18T14:00:25.359510,2026-01-18T14:00:25.359577
abf7b776-e094-4fc0-be26-19362c01a5a5,Paire B.,112,0,,ATP,2026-01-18T14:00:25.359510,2026-01-18T14:00:25.359577
b66eaec8-7cf6-4b59-9be3-5368a5c50bea,Boyer T.,113,0,,ATP,2026-01-18T14:00:25.359510,2026-01-18T14:00:25.359577
35a1783a-41e7-4466-b9f5-8ab779fb4434,Draxl L.,113,0,,ATP,2026-01-18T14:00:25.359510,2026-01-18T14:00:25.359577
e81a66f2-d36c-461b-af19-426b64c1767a,Mmoh M.,115,0,,ATP,2026-01-18T14:00:25.359510,2026-01-18T14:00:25.359577
fdbb9eba-b9a0-4da0-9927-64b7f4d73ab1,Schwartzman D.,115,0,,ATP,2026-01-18T14:00:25.359510,2026-01-18T14:00:25.359577
a598b752-7377-46c8-8fd4-e30b63b012e7,Harris L.,118,0,,ATP,2026-01-18T14:00:25.359510,2026-01-18T14:00:25.359577
22213c9b-1b9d-4d76-9970-3e97d86b0f22,Klein L.,118,0,,ATP,2026-01-18T14:00:25.359510,2026-01-18T14:00:25.359577
be978e7b-1774-4a02-8d35-5eed1b80e2cd,Prizmic D.,121,0,,ATP,2026-01-18T14:00:25.359510,2026-01-18T14:00:25.359577
48ca2732-3dee-4278-a104-25785d70bfdd,Gigante M.,125,0,,ATP,2026-01-18T14:00:25.359510,2026-01-18T14:00:25.359577
62e0fb75-d64e-4e46-9e99-98aa1879ef45,Napolitano S.,125,0,,ATP,2026-01-18T14:00:25.359510,2026-01-18T14:00:25.359577
923d6384-2b80-4e4b-99a4-be43387ea701,Ritschard A.,125,0,,ATP,2026-01-18T14:00:25.359510,2026-01-18T14:00:25.359577
4f7bc292-31a6-48e5-a011-f8b87789fda7,Choinski J.,126,0,,ATP,2026-01-18T14:00:25.359510,2026-01-18T14:00:25.359577
fa280742-8beb-4b74-9a79-959da9a12afd,Herbert P.H.,127,0,,ATP,2026-01-18T14:00:25.359510,2026-01-18T14:00:25.359577
84b16e77-3fa8-4446-b8be-987bbcb1b5da,Cressy M.,128,0,,ATP,2026-01-18T14:00:25.359510,2026-01-18T14:00:25.359577
e83fd207-2a57-4558-bc8a-9d57cfdf21df,Wong C.,128,0,,ATP,2026-01-18T14:00:25.359510,2026-01-18T14:00:25.359577
6f16570e-5c7a-40b8-8963-f9de0e2e5412,Moreno De Alboran N.,130,0,,ATP,2026-01-18T14:00:25.359510,2026-01-18T14:00:25.359577
287bb926-ed71-452c-8951-cebd6c0f8174,Herbert P.,132,0,,ATP,2026-01-18T14:00:25.359510,2026-01-18T14:00:25.359577
a7714cef-8f47-4054-bf87-114d5d72366f,Buse I.,133,0,,ATP,2026-01-18T14:00:25.359510,2026-01-18T14:00:25.359577
de189b13-41ec-488b-99c0-c9bba3ae5188,Kypson P.,133,0,,ATP,2026-01-18T14:00:25.359510,2026-01-18T14:00:25.359577
a0ad4b71-5f56-42b3-b152-b054985c025b,Riedi L.,134,0,,ATP,2026-01-18T14:00:25.359510,2026-01-18T14:00:25.359577
392db3f8-6915-41cc-8d76-ca8247681a55,Burruchaga R.,135,0,,ATP,2026-01-18T14:00:25.359510,2026-01-18T14:00:25.359577
32cd793b-e4de-41d8-8ed2-dab4993370a6,Molcan A.,135,0,,ATP,2026-01-18T14:00:25.359510,2026-01-18T14:00:25.359577
8bdd3903-8964-469f-8674-e9ac09d49efa,Smith C.,135,0,,ATP,2026-01-18T14:00:25.359510,2026-01-18T14:00:25.359577
84ea183f-7cd5-4b14-9a6f-c85599c50832,Bagnis F.,136,0,,ATP,2026-01-18T14:00:25.359510,2026-01-18T14:00:25.359577
05dfa31d-4b41-469c-a5aa-7a2cf45b6b76,Budkov Kjaer N.,136,0,,ATP,2026-01-18T14:00:25.359510,2026-01-18T14:00:25.359577
f0661e5c-260c-49c8-b1b7-2ac094596814,Trungelliti M.,136,0,,ATP,2026-01-18T14:00:25.359510,2026-01-18T14:00:25.359577
8b708ab3-dae1-41e6-8bf7-14a1b84c093e,Albot R.,137,0,,ATP,2026-01-18T14:00:25.359510,2026-01-18T14:00:25.359577
95ec5bcc-8bbf-4687-8046-90e498556282,Gomez F.,137,0,,ATP,2026-01-18T14:00:25.359510,2026-01-18T14:00:25.359577
c79e32d1-86f7-4744-8e3f-c763550587c5,Meligeni Alves F.,137,0,,ATP,2026-01-18T14:00:25.359510,2026-01-18T14:00:25.359577
1aab1298-c453-4d86-a39a-b0d4c60526ae,Landaluce M.,138,0,,ATP,2026-01-18T14:00:25.359510,2026-01-18T14:00:25.359577
e710650b-27ec-4292-bec4-2114f9ee3276,Pellegrino A.,139,0,,ATP,2026-01-18T14:00:25.359510,2026-01-18T14:00:25.359577
116a8bbf-7f5d-41ac-8fb9-7df8feb9e2ca,Echargui M.,140,0,,ATP,2026-01-18T14:00:25.359510,2026-01-18T14:00:25.359577
d2a8e9fa-10d7-41e7-84e7-5107f51ac342,Ficovich J.P.,140,0,,ATP,2026-01-18T14:00:25.359510,2026-01-18T14:00:25.359577
f1d6ce2b-0ed2-47d9-a4f0-214b2d7a54bc,Krueger M.,140,0,,ATP,2026-01-18T14:00:25.359510,2026-01-18T14:00:25.359577
66c747a3-4bf9-4100-a406-9e93c7368ebc,Kym J.,140,0,,ATP,2026-01-18T14:00:25.359510,2026-01-18T14:00:25.359577
1047de4f-e066-4d71-8dd3-ce1ed50e3381,Droguet T.,141,0,,ATP,2026-01-18T14:00:25.359510,2026-01-18T14:00:25.359577
a00345e4-6755-4fa1-821a-40e369b846f6,Blanchet U.,143,0,,ATP,2026-01-18T14:00:25.359510,2026-01-18T14:00:25.359577
7950f803-9bb0-40df-b39f-f7f30fd7f3e6,Gomez F.A.,144,0,,ATP,2026-01-18T14:00:25.359510,2026-01-18T14:00:25.359577
9cef315d-d813-4631-aaa6-b91204ee29dc,Grenier H.,146,0,,ATP,2026-01-18T14:00:25.359510,2026-01-18T14:00:25.359577
e014185e-8751-4f0e-9e96-308d99e4d75d,Llamas Ruiz P.,146,0,,ATP,2026-01-18T14:00:25.359510,2026-01-18T14:00:25.359577
82fc5a86-8e63-4df9-9d55-a219370866c0,Vavassori A.,148,0,,ATP,2026-01-18T14:00:25.359510,2026-01-18T14:00:25.359577
ef105482-3db3-4d89-ada5-580ca311dd1a,Lajal M.,149,0,,ATP,2026-01-18T14:00:25.359510,2026-01-18T14:00:25.359577
50f45040-05a1-4d5b-bca2-208aacec8e8f,Stricker D.,149,0,,ATP,2026-01-18T14:00:25.359510,2026-01-18T14:00:25.359577
a30188ef-eaef-4995-be21-29d0457ca7e2,Jacquet K.,150,0,,ATP,2026-01-18T14:00:25.359510,2026-01-18T14:00:25.359577
94a69717-c1a7-4ecc-a42b-dcdaee2c0d94,Huesler M.A.,152,0,,ATP,2026-01-18T14:00:25.359510,2026-01-18T14:00:25.359577
36a521c0-3b6e-4770-9213-feaa162fd935,Gaubas V.,154,0,,ATP,2026-01-18T14:00:25.359510,2026-01-18T14:00:25.359577
84c08501-2053-44c5-848a-62bda754a56c,Polmans M.,154,0,,ATP,2026-01-18T14:00:25.359510,2026-01-18T14:00:25.359577
5dadc5be-4628-48a3-a9c9-42231da21202,Heide G.,155,0,,ATP,2026-01-18T14:00:25.359510,2026-01-18T14:00:25.359577
8296ac47-c914-4531-8684-12ee0eb1c8b0,Piros Z.,156,0,,ATP,2026-01-18T14:00:25.359510,2026-01-18T14:00:25.359577
4f86efc1-9eb4-4318-8b66-c1e136849ac4,Hassan B.,159,0,,ATP,2026-01-18T14:00:25.359510,2026-01-18T14:00:25.359577
65abc6bc-4a28-4fe3-b70f-83328a1c7110,Tseng C. H.,159,0,,ATP,2026-01-18T14:00:25.359510,2026-01-18T14:00:25.359577
74af3df7-deda-4e37-8b3f-82213c239bf6,Wu Y.,159,0,,ATP,2026-01-18T14:00:25.359510,2026-01-18T14:00:25.359577
4043512e-e4bd-460f-8d11-d9c18c963fe9,Kudla D.,160,0,,ATP,2026-01-18T14:00:25.359510,2026-01-18T14:00:25.359577
5bcd28e4-352a-4bb7-b691-e08046f41d1c,Uchiyama Y.,160,0,,ATP,2026-01-18T14:00:25.359510,2026-01-18T14:00:25.359577
b8f4d205-4982-47d9-b9d6-abf2f8ca9818,Yevseyev D.,160,0,,ATP,2026-01-18T14:00:25.359510,2026-01-18T14:00:25.359577
1ccfe10c-10ab-4ca0-8dd8-a9f48c2d6426,Neumayer L.,162,0,,ATP,2026-01-18T14:00:25.359510,2026-01-18T14:00:25.359577
7006cf87-ef57-4eb3-aa23-81c3d04eadab,Rodesch C.,163,0,,ATP,2026-01-18T14:00:25.359510,2026-01-18T14:00:25.359577
65c33e4c-5da6-47de-bf92-e41833d0f512,McCabe J.,164,0,,ATP,2026-01-18T14:00:25.359510,2026-01-18T14:00:25.359577
35d4b314-f0f7-431e-9ce0-8699e4ccf285,Habib H.,166,0,,ATP,2026-01-18T14:00:25.359510,2026-01-18T14:00:25.359577
1ee0996d-b20d-4797-9e0b-dade22ff8644,Tu L.,168,0,,ATP,2026-01-18T14:00:25.359510,2026-01-18T14:00:25.359577
c0bc3437-a114-4213-aa01-e04f882b707f,Moro Canas A.,169,0,,ATP,2026-01-18T14:00:25.359510,2026-01-18T14:00:25.359577
f154e40e-c188-4670-9d24-98021e7882fe,Sachko V.,169,0,,ATP,2026-01-18T14:00:25.359510,2026-01-18T14:00:25.359577
95958f3c-6258-4c88-a5e3-fd09b34213f1,Hemery C.,171,0,,ATP,2026-01-18T14:00:25.359510,2026-01-18T14:00:25.359577
0ea8381f-5323-4883-a18a-ff5c90fee9d1,Escoffier A.,172,0,,ATP,2026-01-18T14:00:25.359510,2026-01-18T14:00:25.359577
f72d1289-b012-482b-95c1-def6dc2169ef,Skatov T.,174,0,,ATP,2026-01-18T14:00:25.359510,2026-01-18T14:00:25.359577
2a638975-68fb-4a28-8933-786513a3865c,Hong S.,175,0,,ATP,2026-01-18T14:00:25.359510,2026-01-18T14:00:25.359577
ebd6410a-045a-44ff-b847-82b6f8472219,Holmgren A.,178,0,,ATP,2026-01-18T14:00:25.359510,2026-01-18T14:00:25.359577
1b66b9f4-8f22-47f2-a15e-df53420ea52f,Squire H.,178,0,,ATP,2026-01-18T14:00:25.359510,2026-01-18T14:00:25.359577
c8ac990d-0e71-4d10-9d2c-535d715228e9,Bolt A.,179,0,,ATP,2026-01-18T14:00:25.359510,2026-01-18T14:00:25.359577
3868dc8f-3726-4d52-bb49-e3a30ac4b9d7,Jasika O.,179,0,,ATP,2026-01-18T14:00:25.359510,2026-01-18T14:00:25.359577
049919f8-8b71-4703-b7bf-eb1a6c579585,Martineau M.,179,0,,ATP,2026-01-18T14:00:25.359510,2026-01-18T14:00:25.359577
f063a93b-e011-4f5c-b09e-3a61157ae441,Molleker R.,179,0,,ATP,2026-01-18T14:00:25.359510,2026-01-18T14:00:25.359577
8d48aa48-c81e-4341-9a86-e36c2b0667c6,Tomic B.,181,0,,ATP,2026-01-18T14:00:25.359510,2026-01-18T14:00:25.359577
cc6fb3ee-5ffa-4aaf-bda9-b7bed61b442c,Rocha H.,182,0,,ATP,2026-01-18T14:00:25.359510,2026-01-18T14:00:25.359577
5afdafc6-fefc-4584-aa22-c47a642e8245,Trotter J.K.,182,0,,ATP,2026-01-18T14:00:25.359510,2026-01-18T14:00:25.359577
106de576-fb5c-482a-a5df-a298aa173ab1,Kachmazov A.,183,0,,ATP,2026-01-18T14:00:25.359510,2026-01-18T14:00:25.359577
c0537c0f-f799-4df2-8987-bd1de27c5b55,Cassone M.,185,0,,ATP,2026-01-18T14:00:25.359510,2026-01-18T14:00:25.359577
03426740-c05e-4b6a-8835-69a8c43bfdcf,Raonic M.,186,0,,ATP,2026-01-18T14:00:25.359510,2026-01-18T14:00:25.359577
770d4a57-57a6-456f-bd16-0931b812259b,Sakamoto R.,188,0,,ATP,2026-01-18T14:00:25.359510,2026-01-18T14:00:25.359577
b28a89eb-b7dd-4f94-a051-114f10bfe8dd,Chidekh C.,189,0,,ATP,2026-01-18T14:00:25.359510,2026-01-18T14:00:25.359577
6b9cb38a-322a-4d0d-befb-3926cd1424a7,Brouwer G.,190,0,,ATP,2026-01-18T14:00:25.359510,2026-01-18T14:00:25.359577
7135a764-c950-4dde-84f5-0a810b478cac,Hardt N.,191,0,,ATP,2026-01-18T14:00:25.359510,2026-01-18T14:00:25.359577
e50fc699-1b02-4319-91ea-f3c6fd517a83,Galarneau A.,193,0,,ATP,2026-01-18T14:00:25.359510,2026-01-18T14:00:25.359577
1360a86d-3948-4fb8-a65f-2560fde97c94,Kasnikowski M.,194,0,,ATP,2026-01-18T14:00:25.359510,2026-01-18T14:00:25.359577
e69130dd-5618-4586-9b4f-9486b001eaff,Clarke J.,196,0,,ATP,2026-01-18T14:00:25.359510,2026-01-18T14:00:25.359577
bd9713f2-5190-4060-9db8-e423d4a499e8,Zhukayev B.,196,0,,ATP,2026-01-18T14:00:25.359510,2026-01-18T14:00:25.359577
6f524a68-ee3b-47c6-9470-71683912bf3a,Jubb P.,201,0,,ATP,2026-01-18T14:00:25.359510,2026-01-18T14:00:25.359577
d81908ce-0213-490b-96b7-dd4ef6b8bfbd,Ymer E.,202,0,,ATP,2026-01-18T14:00:25.359510,2026-01-18T14:00:25.359577
58ab27a2-72ca-4a24-ba78-056ea8ca5bc1,Added D.,204,0,,ATP,2026-01-18T14:00:25.359510,2026-01-18T14:00:25.359577
32e745fb-96a6-408d-8604-20de12be428d,Damm M.,204,0,,ATP,2026-01-18T14:00:25.359510,2026-01-18T14:00:25.359577
7692cd95-d355-49c1-8dab-502eaa5e8120,Couacaud E.,205,0,,ATP,2026-01-18T14:00:25.359510,2026-01-18T14:00:25.359577
31a9e7ae-38ee-46a5-8cae-c1afc2868568,Engel J.,208,0,,ATP,2026-01-18T14:00:25.359510,2026-01-18T14:00:25.359577
2d71f745-c94e-47fc-af94-965dca00e0b2,Popko D.,208,0,,ATP,2026-01-18T14:00:25.359510,2026-01-18T14:00:25.359577
01f5a4a5-c5c1-47a4-8801-6ed3288f3600,Dougaz A.,212,0,,ATP,2026-01-18T14:00:25.359510,2026-01-18T14:00:25.359577
53c44b80-25f3-4394-bcb5-8402dae0b9d6,Valkusz M.,214,0,,ATP,2026-01-18T14:00:25.359510,2026-01-18T14:00:25.359577
c0f73f82-d1b2-4f85-bdb6-b455835e5a96,Rincon D.,216,0,,ATP,2026-01-18T14:00:25.359510,2026-01-18T14:00:25.359577
d9e3d907-5ca1-416e-afb7-5a06fb4cd997,Pacheco Mendez R.,219,0,,ATP,2026-01-18T14:00:25.359510,2026-01-18T14:00:25.359577
675df941-a0ca-42c2-ab74-f0f34ac66a72,Fery A.,221,0,,ATP,2026-01-18T14:00:25.359510,2026-01-18T14:00:25.359577
a3aeb95a-227b-4e53-bc0e-bffff33e5ea6,Monday J.,224,0,,ATP,2026-01-18T14:00:25.359510,2026-01-18T14:00:25.359577
cdfce983-bf74-4a49-8e60-3f817bebdede,Janvier M.,225,0,,ATP,2026-01-18T14:00:25.359510,2026-01-18T14:00:25.359577
e791d92c-39aa-447d-932b-d7bfffeea44d,Cina F.,226,0,,ATP,2026-01-18T14:00:25.359510,2026-01-18T14:00:25.359577
8ebf98da-4ec1-48ae-b45c-03e89f8b52e1,Shelbayh A.,228,0,,ATP,2026-01-18T14:00:25.359510,2026-01-18T14:00:25.359577
3d722299-26af-4baa-98f2-1968b3c84d3e,Ramos A.,234,0,,ATP,2026-01-18T14:00:25.359510,2026-01-18T14:00:25.359577
ebc7f712-3b62-4280-ac0b-9f59ca3ffb88,Mejia N.,236,0,,ATP,2026-01-18T14:00:25.359510,2026-01-18T14:00:25.359577
36798cb1-0fc6-4e48-aad2-1258c2d1ad35,Sun F.,236,0,,ATP,2026-01-18T14:00:25.359510,2026-01-18T14:00:25.359577
3dc3746b-fce0-49ac-89a1-8448cbde929c,Onclin G.,239,0,,ATP,2026-01-18T14:00:25.359510,2026-01-18T14:00:25.359577
89732b86-97b1-475a-8852-1d5c8f9d872c,Jianu F.C.,241,0,,ATP,2026-01-18T14:00:25.359510,2026-01-18T14:00:25.359577
662f6da5-2d84-4ee2-9d8d-378790e6e8b1,Dodig M.,242,0,,ATP,2026-01-18T14:00:25.359510,2026-01-18T14:00:25.359577
a0fc25e1-7d5d-45f4-91c3-2359a7cb3177,Tabur C.,243,0,,ATP,2026-01-18T14:00:25.359510,2026-01-18T14:00:25.359577
b8d1a556-9e8c-4e0d-8f81-c965857a2f3d,Guillen Meza A.,244,0,,ATP,2026-01-18T14:00:25.359510,2026-01-18T14:00:25.359577
44ad95b7-5e1a-4237-a6f3-ead196ea9a53,Broom C.,245,0,,ATP,2026-01-18T14:00:25.359510,2026-01-18T14:00:25.359577
6016795f-79e5-4c1d-8e68-5c1948326897,Johnson S.,246,0,,ATP,2026-01-18T14:00:25.359510,2026-01-18T14:00:25.359577
2a1d4ca8-4d33-4789-8a22-4ec99594c3ea,Bailly G.A.,247,0,,ATP,2026-01-18T14:00:25.359510,2026-01-18T14:00:25.359577
0bceb041-02f9-4099-8c70-a8eaf0bdffea,Crawford O.,248,0,,ATP,2026-01-18T14:00:25.359510,2026-01-18T14:00:25.359577
80cc79bb-51d7-4fa0-bba5-79a93f88469b,Barranco Cosano J.,254,0,,ATP,2026-01-18T14:00:25.359510,2026-01-18T14:00:25.359577
2f63f0f8-57fb-4389-9d7f-891ca846a5e9,Sweeny D.,257,0,,ATP,2026-01-18T14:00:25.359510,2026-01-18T14:00:25.359577
913fca55-710a-453e-b1b0-7ded26173257,Mccabe J.,258,0,,ATP,2026-01-18T14:00:25.359510,2026-01-18T14:00:25.359577
c1b0f2ec-eaac-40a1-9dff-f80aa0d76cf8,Sanchez Izquierdo N.,260,0,,ATP,2026-01-18T14:00:25.359510,2026-01-18T14:00:25.359577
9fac6ea7-797e-4bc0-8516-a4b6d995db79,Guinard M.,261,0,,ATP,2026-01-18T14:00:25.359510,2026-01-18T14:00:25.359577
db066567-ce3b-4ec4-bae7-34c243a3ef89,Nadal R.,261,0,,ATP,2026-01-18T14:00:25.359510,2026-01-18T14:00:25.359577
ab155ded-0da9-44a7-83d4-01f369ec5eb7,Collarini A.,264,0,,ATP,2026-01-18T14:00:25.359510,2026-01-18T14:00:25.359577
d892eda2-000b-4595-a04d-98bf8d487dfc,Gakhov I.,265,0,,ATP,2026-01-18T14:00:25.359510,2026-01-18T14:00:25.359577
03e024cb-cd82-423f-b0c7-dd835f36f9b3,Bertola R.,268,0,,ATP,2026-01-18T14:00:25.359510,2026-01-18T14:00:25.359577
384bd7c3-23c8-482c-a690-ac70da7757fd,Sousa J.,272,0,,ATP,2026-01-18T14:00:25.359510,2026-01-18T14:00:25.359577
01fafc1f-5bef-4617-9752-507980cf6dcf,Shimabukuro S.,273,0,,ATP,2026-01-18T14:00:25.359510,2026-01-18T14:00:25.359577
9e5c55bc-f228-458d-986a-cd81dc7e10b2,Poljicak M.,277,0,,ATP,2026-01-18T14:00:25.359510,2026-01-18T14:00:25.359577
28b800e4-3d64-405c-9da4-668df1b08d97,Sakellaridis S.,277,0,,ATP,2026-01-18T14:00:25.359510,2026-01-18T14:00:25.359577
bbb29971-4995-4c38-be5a-8da5ba51b0e2,Topo M.,277,0,,ATP,2026-01-18T14:00:25.359510,2026-01-18T14:00:25.359577
3679e175-bd05-4fa3-8876-75943533d4c7,Pinnington Jones J.,281,0,,ATP,2026-01-18T14:00:25.359510,2026-01-18T14:00:25.359577
159d4554-01b6-41e5-94e0-ef62a9f7d545,Sandgren T.,281,0,,ATP,2026-01-18T14:00:25.359510,2026-01-18T14:00:25.359577
178dee17-70b4-4989-a8cb-7d446130bf55,Zahraj P.,283,0,,ATP,2026-01-18T14:00:25.359510,2026-01-18T14:00:25.359577
a5a2e4ea-7201-45f9-a5e8-cc809a23d229,Loffhagen G.,293,0,,ATP,2026-01-18T14:00:25.359510,2026-01-18T14:00:25.359577
c095b8d5-221c-43ca-806a-f0c5bed9dd26,Vesely J.,293,0,,ATP,2026-01-18T14:00:25.359510,2026-01-18T14:00:25.359577
41641320-1760-416f-bf66-51c23b3ac4fb,Sell K.,300,0,,ATP,2026-01-18T14:00:25.359510,2026-01-18T14:00:25.359577
8b01f1c6-0a74-4f7e-91d0-3c91f49c8d9e,Gerasimov E.,304,0,,ATP,2026-01-18T14:00:25.359510,2026-01-18T14:00:25.359577
98e75026-f009-4d12-964f-4fe5e285062d,Zhou Y.,304,0,,ATP,2026-01-18T14:00:25.359510,2026-01-18T14:00:25.359577
3fbe4e12-e1df-45b7-b431-9c39dce69432,Gea A.,306,0,,ATP,2026-01-18T14:00:25.359510,2026-01-18T14:00:25.359577
50eac7aa-d715-4375-9bbe-1f4edae0e2a9,Gombos N.,307,0,,ATP,2026-01-18T14:00:25.359510,2026-01-18T14:00:25.359577
2b4a0148-4311-4e44-8e70-7b68ffbf8d46,Fanselow S.,316,0,,ATP,2026-01-18T14:00:25.359510,2026-01-18T14:00:25.359577
842a2b29-7ff4-4471-804f-ffa9c66171c3,Klizan M.,316,0,,ATP,2026-01-18T14:00:25.359510,2026-01-18T14:00:25.359577
0fc89222-a0f7-414f-828c-c8065c52e916,Denolly C.,328,0,,ATP,2026-01-18T14:00:25.359510,2026-01-18T14:00:25.359577
0c7fa9bb-39c9-4f77-813a-b64bce2876da,Jorda Sanchis D.,329,0,,ATP,2026-01-18T14:00:25.359510,2026-01-18T14:00:25.359577
d633af88-1550-4a02-aa76-5e2d032c1674,Ramanathan R.,332,0,,ATP,2026-01-18T14:00:25.359510,2026-01-18T14:00:25.359577
0efc4d13-b43e-4838-aa35-a9d2a879e246,Vatutin A.,336,0,,ATP,2026-01-18T14:00:25.359510,2026-01-18T14:00:25.359577
3bc90c79-6dd7-4e25-99df-133c138acb63,Kwon S.W.,340,0,,ATP,2026-01-18T14:00:25.359510,2026-01-18T14:00:25.359577
51cf3eed-d3e2-4403-a497-c18defe76f7f,Schwaerzler J.,347,0,,ATP,2026-01-18T14:00:25.359510,2026-01-18T14:00:25.359577
ea567d57-dde5-49ec-8352-96b6a7fe090e,Mikrut L.,350,0,,ATP,2026-01-18T14:00:25.359510,2026-01-18T14:00:25.359577
d329d31a-fe55-443f-93c8-44e1bb5d35ce,Schwaerzler J.J.,354,0,,ATP,2026-01-18T14:00:25.359510,2026-01-18T14:00:25.359577
79d5d88b-90dd-4028-b70b-f0dd25a33dc5,Hussey G.,359,0,,ATP,2026-01-18T14:00:25.359510,2026-01-18T14:00:25.359577
f205f0ff-adfe-4c81-9a5b-a2e214ab6554,Blanch Dar.,364,0,,ATP,2026-01-18T14:00:25.359510,2026-01-18T14:00:25.359577
c61fa8c9-6ae4-464e-8468-44f70cb55222,Dedura D.,372,0,,ATP,2026-01-18T14:00:25.359510,2026-01-18T14:00:25.359577
98c75f3e-4b21-41d3-8a4a-51ea3b6af94b,Dostanic S.,389,0,,ATP,2026-01-18T14:00:25.359510,2026-01-18T14:00:25.359577
3b40fcd5-45f0-4a06-b554-af898243812e,Nanda G.,405,0,,ATP,2026-01-18T14:00:25.359510,2026-01-18T14:00:25.359577
7e81c1ca-7488-45f4-bc1b-2fa3944c3bf7,Andreozzi G.,406,0,,ATP,2026-01-18T14:00:25.359510,2026-01-18T14:00:25.359577
a49cc246-124d-48a8-9fed-2cf0d5f75fe2,Samrej K.,418,0,,ATP,2026-01-18T14:00:25.359510,2026-01-18T14:00:25.359577
1fb988e8-9bbf-40d2-adf0-0b921e898545,Searle H.,421,0,,ATP,2026-01-18T14:00:25.359510,2026-01-18T14:00:25.359577
80bccff2-d82f-48de-b1a9-c08c8ca58fb1,Kumar O.,434,0,,ATP,2026-01-18T14:00:25.359510,2026-01-18T14:00:25.359577
e0af485e-f10a-4fe9-94c9-e8d2c9e51157,Borg L.,461,0,,ATP,2026-01-18T14:00:25.359510,2026-01-18T14:00:25.359577
7d2f1e0f-9123-465f-a94c-043d130a40b4,Rehberg M.,473,0,,ATP,2026-01-18T14:00:25.359510,2026-01-18T14:00:25.359577
fba96a9b-19aa-4da4-988c-374d9786c486,Otte O.,474,0,,ATP,2026-01-18T14:00:25.359510,2026-01-18T14:00:25.359577
178904e8-a199-4e37-a57d-1c3e370ef9d9,Bernet H.,481,0,,ATP,2026-01-18T14:00:25.359510,2026-01-18T14:00:25.359577
a0f8a1c2-fe09-4841-b6d7-d976e73a5b6e,Martin A.,483,0,,ATP,2026-01-18T14:00:25.359510,2026-01-18T14:00:25.359577
19192344-567b-498e-8353-b5f92e6ef4f6,Escobedo E.,493,0,,ATP,2026-01-18T14:00:25.359510,2026-01-18T14:00:25.359577
c4ff3cf1-ac2b-4a7a-b1d5-a486b5b9720f,Hernandez A.,493,0,,ATP,2026-01-18T14:00:25.359510,2026-01-18T14:00:25.359577
ebaed60f-4a43-489a-ab25-26d40751c523,Kirchheimer S.,512,0,,ATP,2026-01-18T14:00:25.359510,2026-01-18T14:00:25.359577
5482e48b-2057-4755-9db1-8dab9342363e,Dedura-Palomero D.,549,0,,ATP,2026-01-18T14:00:25.359510,2026-01-18T14:00:25.359577
f3f02ac4-90e1-4d29-baca-2eecdef3c20c,Martin D.,560,0,,ATP,2026-01-18T14:00:25.359510,2026-01-18T14:00:25.359577
64362ed1-c707-4280-b40b-cc2bb44243ed,Benchetrit E.,608,0,,ATP,2026-01-18T14:00:25.359510,2026-01-18T14:00:25.359577
b611860d-d912-41dc-bf91-c2ce6adff637,Pospisil V.,610,0,,ATP,2026-01-18T14:00:25.359510,2026-01-18T14:00:25.359577
9b067a9d-c0b0-4350-a1f8-93f299018bd8,Ymer M.,617,0,,ATP,2026-01-18T14:00:25.359510,2026-01-18T14:00:25.359577
f7575978-618e-42c2-96a9-b219fe659b1c,Blanch D.,622,0,,ATP,2026-01-18T14:00:25.359510,2026-01-18T14:00:25.359577
2d6f84ba-0ae2-4de6-bcdc-f116a2186bbc,Arseneault N.,638,0,,ATP,2026-01-18T14:00:25.359510,2026-01-18T14:00:25.359577
2f66e1b6-d1b4-4781-a006-6ca7ba884c7c,Suresh D.,645,0,,ATP,2026-01-18T14:00:25.359510,2026-01-18T14:00:25.359577
a6a182d9-bc3e-4a25-b01f-1efe3aa33bed,Svajda T.,669,0,,ATP,2026-01-18T14:00:25.359510,2026-01-18T14:00:25.359577
30cd2dd6-3aac-4c31-b0c7-6abd4bfb60cc,Baadi T.,703,0,,ATP,2026-01-18T14:00:25.359510,2026-01-18T14:00:25.359577
3890526d-9702-469b-b0ae-8d78767f0e31,Pannu K.,716,0,,ATP,2026-01-18T14:00:25.359510,2026-01-18T14:00:25.359577
11bb7ce3-7dca-4dd2-a3ec-0da03ff83f04,Papamalamis T.,721,0,,ATP,2026-01-18T14:00:25.359510,2026-01-18T14:00:25.359577
abd22710-78be-4741-b02d-58f3569de940,Tarvet O.,733,0,,ATP,2026-01-18T14:00:25.359510,2026-01-18T14:00:25.359577
0d4451b3-eae7-4001-9091-ce9db38fa4e8,Djuric B.,781,0,,ATP,2026-01-18T14:00:25.359510,2026-01-18T14:00:25.359577
437cda78-7613-44c6-92de-463e4e7f2521,Alvarez Valdes L.C.,784,0,,ATP,2026-01-18T14:00:25.359510,2026-01-18T14:00:25.359577
289b4aca-fb0c-46dc-8183-8dedfeb4fd4b,Neff A.,829,0,,ATP,2026-01-18T14:00:25.359510,2026-01-18T14:00:25.359577
2c1a9993-7a07-487b-a6a1-45704c57a672,Rottgering M.,839,0,,ATP,2026-01-18T14:00:25.359510,2026-01-18T14:00:25.359577
751ed5d0-3e18-4e37-98cc-c39d0e437fa6,Bailly G.,869,0,,ATP,2026-01-18T14:00:25.359510,2026-01-18T14:00:25.359577
5a8aadb2-7e13-45a1-99c3-cd5259b1d14b,Kyrgios N.,892,0,,ATP,2026-01-18T14:00:25.359510,2026-01-18T14:00:25.359577
d8abbccb-d7b5-4a3c-978e-d1a8250398f3,Magadan A.,921,0,,ATP,2026-01-18T14:00:25.359510,2026-01-18T14:00:25.359577
377ef5a2-557a-4cbd-bcb4-d9e598251d2b,Ivanov I.,935,0,,ATP,2026-01-18T14:00:25.359510,2026-01-18T14:00:25.359577
76160773-b924-4975-aeb9-e46ecc81163d,Becroft I.,980,0,,ATP,2026-01-18T14:00:25.359510,2026-01-18T14:00:25.359577
34c9152b-1d55-4e29-8238-f325889907e0,Omarkhanov A.,1137,0,,ATP,2026-01-18T14:00:25.359510,2026-01-18T14:00:25.359577
ea103651-dc25-43e3-942d-9bc7c0093c4f,Lalami Laaroussi Y.,1193,0,,ATP,2026-01-18T14:00:25.359510,2026-01-18T14:00:25.359577
91417aef-ce8d-4006-87e1-ba3abf76f19f,Rejchtman Vinciguerra W.,1476,0,,ATP,2026-01-18T14:00:25.359510,2026-01-18T14:00:25.359577
a6d24418-1feb-491d-bcc7-efeb823d2520,Forbes M.,1848,0,,ATP,2026-01-18T14:00:25.359510,2026-01-18T14:00:25.359577
41509c8f-b4e0-45d9-a683-6e435470b0f9,Sabalenka A.,1,0,,WTA,2026-01-18T14:00:25.359510,2026-01-18T14:00:25.359577
3b2e0de2-846f-41d6-a74a-dfb685daaba5,Swiatek I.,1,0,,WTA,2026-01-18T14:00:25.359510,2026-01-18T14:00:25.359577
936a29df-a9ca-4d4b-b40b-bdd4b2f2690a,Gauff C.,2,0,,WTA,2026-01-18T14:00:25.359510,2026-01-18T14:00:25.359577
e69e0298-7338-46a7-acbe-c582f03dea00,Pegula J.,3,0,,WTA,2026-01-18T14:00:25.359510,2026-01-18T14:00:25.359577
148b4d0b-6860-46b2-b71e-ad16035e93c9,Rybakina E.,3,0,,WTA,2026-01-18T14:00:25.359510,2026-01-18T14:00:25.359577
409b81b5-f570-45da-8533-da8850b77572,Anisimova A.,4,0,,WTA,2026-01-18T14:00:25.359510,2026-01-18T14:00:25.359577
4bb79d88-4510-449c-afda-20abc6590930,Paolini J.,4,0,,WTA,2026-01-18T14:00:25.359510,2026-01-18T14:00:25.359577
e6039fb5-411c-45e6-b7d5-2ae2909bc7af,Andreeva M.,5,0,,WTA,2026-01-18T14:00:25.359510,2026-01-18T14:00:25.359577
6ebfb15b-5c26-4fcc-8ab6-c33ad151418c,Keys M.,5,0,,WTA,2026-01-18T14:00:25.359510,2026-01-18T14:00:25.359577
ee58346c-b70a-4ac7-aa3c-585d0de5a2cc,Zheng Q.,5,0,,WTA,2026-01-18T14:00:25.359510,2026-01-18T14:00:25.359577
899c520c-fe07-49de-bbd9-b4302c745b71,Jabeur O.,6,0,,WTA,2026-01-18T14:00:25.359510,2026-01-18T14:00:25.359577
2ab5be56-ba23-4f38-8e79-1086ffd68b0f,Sakkari M.,6,0,,WTA,2026-01-18T14:00:25.359510,2026-01-18T14:00:25.359577
497348c4-c32c-4693-98ab-deace54b713d,Vondrousova M.,6,0,,WTA,2026-01-18T14:00:25.359510,2026-01-18T14:00:25.359577
d322d8a9-60cd-4a27-831d-138065cec719,Krejcikova B.,8,0,,WTA,2026-01-18T14:00:25.359510,2026-01-18T14:00:25.359577
7a2b93db-4b1d-4f06-b150-eaec4fa64c0e,Navarro E.,8,0,,WTA,2026-01-18T14:00:25.359510,2026-01-18T14:00:25.359577
e8317563-4f6d-4aac-9399-de6c4c465bd7,Badosa P.,9,0,,WTA,2026-01-18T14:00:25.359510,2026-01-18T14:00:25.359577
9ca1f9ee-981c-49fe-b553-dc5d5d351236,Kasatkina D.,9,0,,WTA,2026-01-18T14:00:25.359510,2026-01-18T14:00:25.359577
7ef23cb5-d138-4a9a-b122-1233b6df4ad5,Ostapenko J.,9,0,,WTA,2026-01-18T14:00:25.359510,2026-01-18T14:00:25.359577
ab6a8bee-a07f-4eb1-b038-b15d5d111c7a,Alexandrova E.,10,0,,WTA,2026-01-18T14:00:25.359510,2026-01-18T14:00:25.359577
9b06e8ab-7f44-484d-8129-f7964973415a,Collins D.,10,0,,WTA,2026-01-18T14:00:25.359510,2026-01-18T14:00:25.359577
e1c61281-db07-43f5-8f5e-9eaabe0e2869,Haddad Maia B.,10,0,,WTA,2026-01-18T14:00:25.359510,2026-01-18T14:00:25.359577
f070a810-dd7f-41b7-9bf5-9bfb770046ed,Osorio M.,10,0,,WTA,2026-01-18T14:00:25.359510,2026-01-18T14:00:25.359577
92e106a2-b189-42c8-93db-429a3a540c28,Bencic B.,11,0,,WTA,2026-01-18T14:00:25.359510,2026-01-18T14:00:25.359577
30af8dee-c105-49ef-a37f-704f5b930dd6,Shnaider D.,11,0,,WTA,2026-01-18T14:00:25.359510,2026-01-18T14:00:25.359577
b344a07c-c892-4700-8213-a15b5380562e,Kalinskaya A.,12,0,,WTA,2026-01-18T14:00:25.359510,2026-01-18T14:00:25.359577
a3a3b2ed-d0ae-4e48-8d10-42d42e1b19c1,Tauson C.,12,0,,WTA,2026-01-18T14:00:25.359510,2026-01-18T14:00:25.359577
1ba5c064-b297-4a5d-81de-4016eb59878f,Muchova K.,13,0,,WTA,2026-01-18T14:00:25.359510,2026-01-18T14:00:25.359577
c3136162-a8b3-4443-b86e-841145e3a128,Samsonova L.,13,0,,WTA,2026-01-18T14:00:25.359510,2026-01-18T14:00:25.359577
e2799986-1090-4b92-a7af-f45ac1153261,Svitolina E.,13,0,,WTA,2026-01-18T14:00:25.359510,2026-01-18T14:00:25.359577
ec715b99-ddba-4881-9aaa-958ac366bdde,Osaka N.,14,0,,WTA,2026-01-18T14:00:25.359510,2026-01-18T14:00:25.359577
6bf48a98-6918-4f16-870b-7b2e87fcc174,Kostyuk M.,16,0,,WTA,2026-01-18T14:00:25.359510,2026-01-18T14:00:25.359577
8fbdf1e8-1bd9-42f1-b185-7309884d0cc3,Kudermetova V.,16,0,,WTA,2026-01-18T14:00:25.359510,2026-01-18T14:00:25.359577
4fda972b-684c-4398-a171-826d3153ccf5,Noskova L.,17,0,,WTA,2026-01-18T14:00:25.359510,2026-01-18T14:00:25.359577
8352fb7c-cdc0-4aaa-9022-cbc9ac9537ff,Vekic D.,18,0,,WTA,2026-01-18T14:00:25.359510,2026-01-18T14:00:25.359577
30d99138-f90a-4be6-92c9-ee9cbca10096,Azarenka V.,19,0,,WTA,2026-01-18T14:00:25.359510,2026-01-18T14:00:25.359577
2a1a8d45-e758-4d05-9723-953c1d33c480,Garcia C.,19,0,,WTA,2026-01-18T14:00:25.359510,2026-01-18T14:00:25.359577
c0c19a88-ab17-4829-a222-c47e3a9fbd8c,Putintseva Y.,20,0,,WTA,2026-01-18T14:00:25.359510,2026-01-18T14:00:25.359577
b0ff639a-5d47-481e-be5e-a8d0923ad0fe,Mboko V.,21,0,,WTA,2026-01-18T14:00:25.359510,2026-01-18T14:00:25.359577
3dd2bf1c-252f-4f1e-9f09-2a8c8144a2c3,Mertens E.,21,0,,WTA,2026-01-18T14:00:25.359510,2026-01-18T14:00:25.359577
02cef61b-0c2f-44cd-ae4e-9d3dc5ca5cfb,Pavlyuchenkova A.,21,0,,WTA,2026-01-18T14:00:25.359510,2026-01-18T14:00:25.359577
caa0d61a-434f-4263-91ab-7487a2ff0870,Cirstea S.,22,0,,WTA,2026-01-18T14:00:25.359510,2026-01-18T14:00:25.359577
04d9d2e0-dc93-4671-bb15-645870e4cae8,Fernandez L.A.,22,0,,WTA,2026-01-18T14:00:25.359510,2026-01-18T14:00:25.359577
6dfe7646-46d8-4150-bdf8-eee3f97216d4,Linette M.,22,0,,WTA,2026-01-18T14:00:25.359510,2026-01-18T14:00:25.359577
e3d8eb94-ead2-441e-a880-c51264cf7e30,Frech M.,24,0,,WTA,2026-01-18T14:00:25.359510,2026-01-18T14:00:25.359577
f0bfa1d2-f44b-4328-974e-33bb09c4fc63,Boulter K.,25,0,,WTA,2026-01-18T14:00:25.359510,2026-01-18T14:00:25.359577
49612dc0-bd33-477d-b4b2-787f8290ea7d,Kenin S.,25,0,,WTA,2026-01-18T14:00:25.359510,2026-01-18T14:00:25.359577
9e288818-834a-4720-a222-9cdf4db87187,Kalinina A.,27,0,,WTA,2026-01-18T14:00:25.359510,2026-01-18T14:00:25.359577
1648932f-cce0-48ce-94f4-bd7a6c5e88d6,Potapova A.,27,0,,WTA,2026-01-18T14:00:25.359510,2026-01-18T14:00:25.359577
125f5747-3606-456d-906a-d2158a0a5bed,Siniakova K.,27,0,,WTA,2026-01-18T14:00:25.359510,2026-01-18T14:00:25.359577
8ff0af78-2bf8-4599-b40b-0452a7efd412,Yastremska D.,27,0,,WTA,2026-01-18T14:00:25.359510,2026-01-18T14:00:25.359577
cf406ea9-cc8c-487c-b511-6a225f7e8413,Krueger A.,29,0,,WTA,2026-01-18T14:00:25.359510,2026-01-18T14:00:25.359577
6f046f0b-bcc2-47c6-9e3a-1f4f1c767860,Raducanu E.,29,0,,WTA,2026-01-18T14:00:25.359510,2026-01-18T14:00:25.359577
81f1cbee-7b4b-45aa-8ca4-dc8fbc38dd25,Kessler M.,30,0,,WTA,2026-01-18T14:00:25.359510,2026-01-18T14:00:25.359577
b1cf4400-2245-45b9-997d-bd81de181626,Joint M.,32,0,,WTA,2026-01-18T14:00:25.359510,2026-01-18T14:00:25.359577
e7e7b790-58d9-4168-b3e6-77b98e8adf02,Tsurenko L.,32,0,,WTA,2026-01-18T14:00:25.359510,2026-01-18T14:00:25.359577
92e24f40-c44a-45e0-a8c1-33a15f8a55ea,Wang Xin.,32,0,,WTA,2026-01-18T14:00:25.359510,2026-01-18T14:00:25.359577
09b65570-aaff-4cd4-a091-cb8ce94c4bc6,Zhu L.,32,0,,WTA,2026-01-18T14:00:25.359510,2026-01-18T14:00:25.359577
167678f9-2e64-4f13-9dc4-fdc1dd03e3fe,Danilovic O.,33,0,,WTA,2026-01-18T14:00:25.359510,2026-01-18T14:00:25.359577
cf18cc33-9ade-4e23-98b4-75fd0780986c,Li A.,33,0,,WTA,2026-01-18T14:00:25.359510,2026-01-18T14:00:25.359577
61b2d7c5-a023-4315-8ea1-6f41b4446df5,Stearns P.,33,0,,WTA,2026-01-18T14:00:25.359510,2026-01-18T14:00:25.359577
95d52ea7-7350-4dbb-a0d7-7919a8372af4,Stephens S.,33,0,,WTA,2026-01-18T14:00:25.359510,2026-01-18T14:00:25.359577
8f85f4ce-2dcf-4fec-bb8b-753c5316105b,Bouzkova M.,34,0,,WTA,2026-01-18T14:00:25.359510,2026-01-18T14:00:25.359577
6c165533-f59e-4385-846a-8777bdb59487,Sramkova R.,34,0,,WTA,2026-01-18T14:00:25.359510,2026-01-18T14:00:25.359577
b399aa60-f1dc-4ae6-ae4c-7ef952bba37b,Avanesyan E.,36,0,,WTA,2026-01-18T14:00:25.359510,2026-01-18T14:00:25.359577
0895a37a-e359-4698-ac7e-a478de24c160,Maria T.,36,0,,WTA,2026-01-18T14:00:25.359510,2026-01-18T14:00:25.359577
8b2cc9b2-7585-47b3-93fb-8248be9375cf,Pliskova Ka.,36,0,,WTA,2026-01-18T14:00:25.359510,2026-01-18T14:00:25.359577
d78052d4-8100-49e8-9508-4afdc74ddb4e,Yuan Y.,36,0,,WTA,2026-01-18T14:00:25.359510,2026-01-18T14:00:25.359577
2686e64f-eae2-4cd2-a0c2-5a8722f26a8d,Jovic I.,37,0,,WTA,2026-01-18T14:00:25.359510,2026-01-18T14:00:25.359577
a80212b4-7e8e-4957-9151-34b9b48f5103,Gracheva V.,39,0,,WTA,2026-01-18T14:00:25.359510,2026-01-18T14:00:25.359577
e5e2c9f6-0532-4371-b137-62edfb8df8d7,Bouzas Maneiro J.,40,0,,WTA,2026-01-18T14:00:25.359510,2026-01-18T14:00:25.359577
f44443e1-314a-45e7-bd87-4db9f5b6f1db,Martic P.,40,0,,WTA,2026-01-18T14:00:25.359510,2026-01-18T14:00:25.359577
56a3bfc7-bc67-4aae-a870-e66927ac900b,Sun L.,40,0,,WTA,2026-01-18T14:00:25.359510,2026-01-18T14:00:25.359577
31a551d4-7319-4172-8100-609d5fccdab5,Boisson L.,41,0,,WTA,2026-01-18T14:00:25.359510,2026-01-18T14:00:25.359577
c23e981f-841a-44e0-82fd-3a14d7add240,Cristian J.,41,0,,WTA,2026-01-18T14:00:25.359510,2026-01-18T14:00:25.359577
86bd036a-b104-4c31-81f6-4a82d880b57f,Burel C.,42,0,,WTA,2026-01-18T14:00:25.359510,2026-01-18T14:00:25.359577
00137c44-dd07-4a54-a9e4-19320103db98,Dolehide C.,43,0,,WTA,2026-01-18T14:00:25.359510,2026-01-18T14:00:25.359577
407ba968-2b4f-4f27-84ca-22230f75dab2,Rus A.,43,0,,WTA,2026-01-18T14:00:25.359510,2026-01-18T14:00:25.359577
a89778b0-319f-4158-b283-1b01f8eeb3d0,Siegemund L.,43,0,,WTA,2026-01-18T14:00:25.359510,2026-01-18T14:00:25.359577
63c0d6a6-760c-49cd-b3be-6b683ce61341,Sorribes Tormo S.,43,0,,WTA,2026-01-18T14:00:25.359510,2026-01-18T14:00:25.359577
381e1246-839e-4a41-8162-d63ddf078663,Blinkova A.,44,0,,WTA,2026-01-18T14:00:25.359510,2026-01-18T14:00:25.359577
4f5dd8df-048b-4a06-8f1b-6115edd1a7f0,Cocciaretto E.,44,0,,WTA,2026-01-18T14:00:25.359510,2026-01-18T14:00:25.359577
8ab844bc-1631-481e-962e-b1f3984baac4,Lys E.,44,0,,WTA,2026-01-18T14:00:25.359510,2026-01-18T14:00:25.359577
b8d3c156-8ed3-439e-a3b3-426af98e6244,Arango E.,46,0,,WTA,2026-01-18T14:00:25.359510,2026-01-18T14:00:25.359577
d38b0341-82a4-4c47-8360-0bf9d280a71a,Bronzetti L.,46,0,,WTA,2026-01-18T14:00:25.359510,2026-01-18T14:00:25.359577
0211ac5a-e26d-4bf4-8a58-c928bd0a6842,Trevisan M.,46,0,,WTA,2026-01-18T14:00:25.359510,2026-01-18T14:00:25.359577
2ed8de3b-8999-4910-8156-780b26658d68,Baptiste H.,47,0,,WTA,2026-01-18T14:00:25.359510,2026-01-18T14:00:25.359577
a63e9750-165d-4389-838c-6061f91e6eb1,Uchijima M.,47,0,,WTA,2026-01-18T14:00:25.359510,2026-01-18T14:00:25.359577
133269d0-4564-4fc4-8b99-39d4b7c0b9de,Kartal S.,48,0,,WTA,2026-01-18T14:00:25.359510,2026-01-18T14:00:25.359577
bc596d23-0e26-4d0b-9b62-f2e67d870f93,Tomova V.,48,0,,WTA,2026-01-18T14:00:25.359510,2026-01-18T14:00:25.359577
1e7bcbff-41a4-4235-8ffc-2b1ab83adfa3,Townsend T.,48,0,,WTA,2026-01-18T14:00:25.359510,2026-01-18T14:00:25.359577
f3f3628f-c1ae-4d2e-ba64-ef5f10a71bfd,Parry D.,49,0,,WTA,2026-01-18T14:00:25.359510,2026-01-18T14:00:25.359577
3d7ae6dd-f719-462a-8e3d-51fa05dbd455,Sherif M.,50,0,,WTA,2026-01-18T14:00:25.359510,2026-01-18T14:00:25.359577
f69ea234-e29c-4666-8f97-92e068667ca0,Eala A.,51,0,,WTA,2026-01-18T14:00:25.359510,2026-01-18T14:00:25.359577
b1709de8-8876-4cee-a3de-1c690845b284,Parks A.,51,0,,WTA,2026-01-18T14:00:25.359510,2026-01-18T14:00:25.359577
25fe49a3-8af0-4f9a-aa7c-edda24aa86e7,Wang Xiy.,52,0,,WTA,2026-01-18T14:00:25.359510,2026-01-18T14:00:25.359577
48a308a0-a3b3-4449-ab61-9716339a5dd8,Giorgi C.,53,0,,WTA,2026-01-18T14:00:25.359510,2026-01-18T14:00:25.359577
4a7ada6d-6bb6-4e5e-b025-6a8564a9d929,Golubic V.,53,0,,WTA,2026-01-18T14:00:25.359510,2026-01-18T14:00:25.359577
18e35fb0-1aaa-489a-b6b2-e657e5209f67,Kudermetova P.,54,0,,WTA,2026-01-18T14:00:25.359510,2026-01-18T14:00:25.359577
daeb8218-cedf-4f98-89d7-084d66dc8558,Schmiedlova A.,54,0,,WTA,2026-01-18T14:00:25.359510,2026-01-18T14:00:25.359577
8b9c2f84-71fc-49b6-9445-fd7eb79a3d5a,Bucsa C.,56,0,,WTA,2026-01-18T14:00:25.359510,2026-01-18T14:00:25.359577
2d3bf72b-1b47-4282-986c-3c8d9b96a1da,Ruse E.G.,56,0,,WTA,2026-01-18T14:00:25.359510,2026-01-18T14:00:25.359577
36c23cca-afb9-46eb-9c00-c734285de98e,Volynets K.,56,0,,WTA,2026-01-18T14:00:25.359510,2026-01-18T14:00:25.359577
c7dc99b3-00a3-482a-bede-3d5800eb2298,Bogdan A.,57,0,,WTA,2026-01-18T14:00:25.359510,2026-01-18T14:00:25.359577
a8685c85-249e-47cd-8212-e6308dabb2f8,Lamens S.,57,0,,WTA,2026-01-18T14:00:25.359510,2026-01-18T14:00:25.359577
46f9ea66-6800-408c-827c-ba17eb8868b5,Wang Y.,58,0,,WTA,2026-01-18T14:00:25.359510,2026-01-18T14:00:25.359577
3fabbc48-730d-4501-9eff-277cf802e050,Podoroska N.,59,0,,WTA,2026-01-18T14:00:25.359510,2026-01-18T14:00:25.359577
53764d4b-fa83-4e82-a9c7-09064e945ca8,Birrell K.,60,0,,WTA,2026-01-18T14:00:25.359510,2026-01-18T14:00:25.359577
c15bdbd4-9b3d-4a40-bd64-5d6fb87adde3,Rakhimova K.,60,0,,WTA,2026-01-18T14:00:25.359510,2026-01-18T14:00:25.359577
dbec642d-74e7-4d00-8647-582a1a41db61,Zarazua R.,62,0,,WTA,2026-01-18T14:00:25.359510,2026-01-18T14:00:25.359577
f9d42808-e30c-4d29-b861-4b052a53d837,Starodubtseva Y.,63,0,,WTA,2026-01-18T14:00:25.359510,2026-01-18T14:00:25.359577
a26c4557-074b-4a8c-9820-303c20aa9668,Minnen G.,64,0,,WTA,2026-01-18T14:00:25.359510,2026-01-18T14:00:25.359577
23053f4a-a702-4e1a-bdf5-764330830b55,Tomljanovic A.,64,0,,WTA,2026-01-18T14:00:25.359510,2026-01-18T14:00:25.359577
71ccdb2c-d75b-4313-b5d7-e2bcc200eb11,Andreeva E.,65,0,,WTA,2026-01-18T14:00:25.359510,2026-01-18T14:00:25.359577
c8f401ef-1075-44c9-bf79-f00ce76b515f,Jacquemot E.,65,0,,WTA,2026-01-18T14:00:25.359510,2026-01-18T14:00:25.359577
ce42834c-e87a-40c1-b581-0dfc0b1ce126,Masarova R.,65,0,,WTA,2026-01-18T14:00:25.359510,2026-01-18T14:00:25.359577
552c0c6e-d1c0-4805-94aa-8ee8faed26a3,Pera B.,69,0,,WTA,2026-01-18T14:00:25.359510,2026-01-18T14:00:25.359577
d71a2848-088d-4245-aead-afe37f633a96,Ruzic A.,69,0,,WTA,2026-01-18T14:00:25.359510,2026-01-18T14:00:25.359577
e5d877b8-cd97-448c-abdd-c6d989b30a58,Carle M.,71,0,,WTA,2026-01-18T14:00:25.359510,2026-01-18T14:00:25.359577
86802abf-5906-4b96-9081-e5d585775c1a,Jones F.,71,0,,WTA,2026-01-18T14:00:25.359510,2026-01-18T14:00:25.359577
6a67de05-46c6-41bc-9f01-c099d0b3b66b,Wozniacki C.,71,0,,WTA,2026-01-18T14:00:25.359510,2026-01-18T14:00:25.359577
cdbc5130-8f3b-4b2c-b9fc-f669604530f7,Sierra S.,72,0,,WTA,2026-01-18T14:00:25.359510,2026-01-18T14:00:25.359577
bd0f37c0-f4bd-4067-94c8-3bbe08b39ae5,Dodin O.,73,0,,WTA,2026-01-18T14:00:25.359510,2026-01-18T14:00:25.359577
f6c6ad85-c156-4d52-beb3-4e2755a5013e,Korpatsch T.,73,0,,WTA,2026-01-18T14:00:25.359510,2026-01-18T14:00:25.359577
4d15d447-3091-4f44-873d-0307a0465fe1,Sonmez Z.,73,0,,WTA,2026-01-18T14:00:25.359510,2026-01-18T14:00:25.359577
3c9be233-5c97-4f49-a175-e5e570b5347c,Begu I.,74,0,,WTA,2026-01-18T14:00:25.359510,2026-01-18T14:00:25.359577
c04843de-9a33-4d08-91b3-8ed76ccbd458,Bondar A.,74,0,,WTA,2026-01-18T14:00:25.359510,2026-01-18T14:00:25.359577
8ac28d2f-1731-4f1e-a2f6-ff53ede15564,Dart H.,76,0,,WTA,2026-01-18T14:00:25.359510,2026-01-18T14:00:25.359577
69a2960f-d567-4396-83b1-763bee9a2693,Valentova T.,78,0,,WTA,2026-01-18T14:00:25.359510,2026-01-18T14:00:25.359577
cd944a61-22d1-4420-a493-d5d4251ffdea,Wickmayer Y.,79,0,,WTA,2026-01-18T14:00:25.359510,2026-01-18T14:00:25.359577
046020fa-124b-44ba-bc28-c703765bc43f,Zakharova A.,79,0,,WTA,2026-01-18T14:00:25.359510,2026-01-18T14:00:25.359577
5a8a58bc-6183-4f59-9c42-a2236fae23db,Hibino N.,80,0,,WTA,2026-01-18T14:00:25.359510,2026-01-18T14:00:25.359577
2c8dc052-c076-465f-bd1c-4a119d54a837,Sasnovich A.,81,0,,WTA,2026-01-18T14:00:25.359510,2026-01-18T14:00:25.359577
53eadbb1-4a3c-4bdd-8f36-6a52f796d420,Saville D.,82,0,,WTA,2026-01-18T14:00:25.359510,2026-01-18T14:00:25.359577
6060af95-3a48-48bc-84ae-1832969cfa6b,Tjen J.,82,0,,WTA,2026-01-18T14:00:25.359510,2026-01-18T14:00:25.359577
974170d6-ebf2-4638-a404-47aee38be0cc,Day K.,84,0,,WTA,2026-01-18T14:00:25.359510,2026-01-18T14:00:25.359577
25454e28-012f-42b7-98f5-094bec56c791,Fruhvirtova L.,84,0,,WTA,2026-01-18T14:00:25.359510,2026-01-18T14:00:25.359577
0940d560-ce39-46e9-8b8c-fdefc7ceb845,Gadecki O.,84,0,,WTA,2026-01-18T14:00:25.359510,2026-01-18T14:00:25.359577
3c70b4ef-4436-4d59-b2f3-b2c76d2a8b8e,Teichmann J.,85,0,,WTA,2026-01-18T14:00:25.359510,2026-01-18T14:00:25.359577
7144a307-36fe-40a2-9adc-420db398f071,Errani S.,86,0,,WTA,2026-01-18T14:00:25.359510,2026-01-18T14:00:25.359577
fb99fd1f-74ea-4e20-ab45-fe0f73810936,Niemeier J.,86,0,,WTA,2026-01-18T14:00:25.359510,2026-01-18T14:00:25.359577
c5a9ddbf-8b0d-4efe-96b0-e44e5faafdd3,Bai Z.,87,0,,WTA,2026-01-18T14:00:25.359510,2026-01-18T14:00:25.359577
6ae4ec51-d705-4606-af72-748062c659ba,Fruhvirtova B.,88,0,,WTA,2026-01-18T14:00:25.359510,2026-01-18T14:00:25.359577
4c354a80-fc76-4835-8ba9-689fd216534d,Todoni A.,88,0,,WTA,2026-01-18T14:00:25.359510,2026-01-18T14:00:25.359577
fdc3fec2-d8c4-4afd-bcdc-184b2f8dc7e0,Bektas E.,89,0,,WTA,2026-01-18T14:00:25.359510,2026-01-18T14:00:25.359577
17c66f58-9391-45b8-8b7a-8a5a89414a9d,McNally C.,90,0,,WTA,2026-01-18T14:00:25.359510,2026-01-18T14:00:25.359577
e0d75981-6ea6-4713-b317-b38acba563ff,Seidel E.,90,0,,WTA,2026-01-18T14:00:25.359510,2026-01-18T14:00:25.359577
ab7edd86-074c-4d5a-bbe1-3af772e09712,Jeanjean L.,91,0,,WTA,2026-01-18T14:00:25.359510,2026-01-18T14:00:25.359577
daae4894-dc09-41f3-bd40-09945f8bc4b9,Timofeeva M.,93,0,,WTA,2026-01-18T14:00:25.359510,2026-01-18T14:00:25.359577
1812ee91-cefd-4a06-bae5-cf0a4f9d4e6e,Ito A.,94,0,,WTA,2026-01-18T14:00:25.359510,2026-01-18T14:00:25.359577
26edb115-8f24-4a16-a487-cf7b4899c23b,Parrizas Diaz N.,94,0,,WTA,2026-01-18T14:00:25.359510,2026-01-18T14:00:25.359577
8bd3695d-16d9-4436-af26-9dda36007ff6,Liu C.,95,0,,WTA,2026-01-18T14:00:25.359510,2026-01-18T14:00:25.359577
5bfec93f-740c-4b3f-a1f2-c82a7aa27d22,Galfi D.,96,0,,WTA,2026-01-18T14:00:25.359510,2026-01-18T14:00:25.359577
75493692-0336-4713-bf51-48ca1bee54c8,Paquet C.,96,0,,WTA,2026-01-18T14:00:25.359510,2026-01-18T14:00:25.359577
a3569243-3762-4ad9-acf3-a4508af8013c,Cornet A.,97,0,,WTA,2026-01-18T14:00:25.359510,2026-01-18T14:00:25.359577
50797733-0d4e-4a5a-a596-2fa71d375633,Zidansek T.,97,0,,WTA,2026-01-18T14:00:25.359510,2026-01-18T14:00:25.359577
7a42655f-2383-4748-97bf-0858d4cd4544,Erjavec V.,98,0,,WTA,2026-01-18T14:00:25.359510,2026-01-18T14:00:25.359577
316412bf-38f1-404c-83c5-1068929d2f6e,Marino R.,98,0,,WTA,2026-01-18T14:00:25.359510,2026-01-18T14:00:25.359577
ba678925-7588-4d4b-974f-00fc9027f875,Rodionova Ar.,99,0,,WTA,2026-01-18T14:00:25.359510,2026-01-18T14:00:25.359577
363350ce-325e-480b-a3c3-241edb1de1e1,Montgomery R.,100,0,,WTA,2026-01-18T14:00:25.359510,2026-01-18T14:00:25.359577
a8ea61d7-957d-4604-a466-780838e6ece2,Burrage J.,102,0,,WTA,2026-01-18T14:00:25.359510,2026-01-18T14:00:25.359577
2624cf9d-6c17-40de-a965-0aaad637675a,Juvan K.,102,0,,WTA,2026-01-18T14:00:25.359510,2026-01-18T14:00:25.359577
5244c136-1942-4f4f-be15-d48afa015a95,Ponchet J.,104,0,,WTA,2026-01-18T14:00:25.359510,2026-01-18T14:00:25.359577
7e264791-83f2-4f85-8c03-08871c5585b5,Bassols M.,105,0,,WTA,2026-01-18T14:00:25.359510,2026-01-18T14:00:25.359577
855f2ab4-0a99-4c4f-bdd8-812aff552b7a,Fett J.,105,0,,WTA,2026-01-18T14:00:25.359510,2026-01-18T14:00:25.359577
00a126e5-c20e-433a-a31d-c5a7c912ce78,Gibson T.,105,0,,WTA,2026-01-18T14:00:25.359510,2026-01-18T14:00:25.359577
290237b2-a683-4771-b121-2d88ae106363,Riera J.,106,0,,WTA,2026-01-18T14:00:25.359510,2026-01-18T14:00:25.359577
7f4ed926-d628-4263-ae9b-2e6577308fa8,Jimenez Kasintseva V.,107,0,,WTA,2026-01-18T14:00:25.359510,2026-01-18T14:00:25.359577
241f76ab-f033-403b-b63d-11f38f854b2b,Zhang S.,107,0,,WTA,2026-01-18T14:00:25.359510,2026-01-18T14:00:25.359577
09ef3a00-b314-407a-bbb5-6d6f796600df,Hon P.,108,0,,WTA,2026-01-18T14:00:25.359510,2026-01-18T14:00:25.359577
298fbe54-1557-48cd-83ff-ab9246e496db,Hontama M.,109,0,,WTA,2026-01-18T14:00:25.359510,2026-01-18T14:00:25.359577
3dfd3344-2ea7-411e-ace8-f8f91fc69309,Pigossi L.,114,0,,WTA,2026-01-18T14:00:25.359510,2026-01-18T14:00:25.359577
158c591e-dd2b-4f7a-9a6e-aee018c03f51,Kawa K.,115,0,,WTA,2026-01-18T14:00:25.359510,2026-01-18T14:00:25.359577
29c7d523-780a-4ebc-9d53-3c1199bcfcac,Semenistaja D.,115,0,,WTA,2026-01-18T14:00:25.359510,2026-01-18T14:00:25.359577
312c8f8e-16c0-4af9-9c97-23e6d3d3a4b1,Stakusic M.,116,0,,WTA,2026-01-18T14:00:25.359510,2026-01-18T14:00:25.359577
87415a5c-9cf5-4432-bdf1-1208ca744f68,Wei S.,116,0,,WTA,2026-01-18T14:00:25.359510,2026-01-18T14:00:25.359577
eb9a5822-f8cb-49de-8670-b6fd7b20bb8f,Andreescu B.,118,0,,WTA,2026-01-18T14:00:25.359510,2026-01-18T14:00:25.359577
609976a0-add4-48ad-a8cf-800b8eacf83f,Udvardy P.,118,0,,WTA,2026-01-18T14:00:25.359510,2026-01-18T14:00:25.359577
c2cc8bc3-0feb-4704-9f6b-e982f7a2fa19,Bejlek S.,120,0,,WTA,2026-01-18T14:00:25.359510,2026-01-18T14:00:25.359577
ccc4e353-b365-46f7-a438-ed6013510009,Hunter S.,122,0,,WTA,2026-01-18T14:00:25.359510,2026-01-18T14:00:25.359577
a1066b2f-4da9-491b-854b-9532eeae3c38,Lepchenko V.,122,0,,WTA,2026-01-18T14:00:25.359510,2026-01-18T14:00:25.359577
218efae2-8b6d-4e68-bb58-81deec467baf,Rakotomanga Rajaonah T.,123,0,,WTA,2026-01-18T14:00:25.359510,2026-01-18T14:00:25.359577
59fd5b7b-7a15-4ff4-aa19-241598fb5885,Vickery S.,124,0,,WTA,2026-01-18T14:00:25.359510,2026-01-18T14:00:25.359577
4b15fd76-129a-423a-ac27-63fc4dc10ac2,Chwalinska M.,126,0,,WTA,2026-01-18T14:00:25.359510,2026-01-18T14:00:25.359577
d06820da-9992-4a3b-bcd7-744fe4ea67a8,Ferro F.,126,0,,WTA,2026-01-18T14:00:25.359510,2026-01-18T14:00:25.359577
5e8b7cc7-082a-43e0-83d9-9ff6712b66d9,Snigur D.,127,0,,WTA,2026-01-18T14:00:25.359510,2026-01-18T14:00:25.359577
751b2192-e9ac-4442-a1eb-21c467714491,Waltert S.,127,0,,WTA,2026-01-18T14:00:25.359510,2026-01-18T14:00:25.359577
95de6c07-2a70-476b-a5f4-3a569169e5f5,Shibahara E.,128,0,,WTA,2026-01-18T14:00:25.359510,2026-01-18T14:00:25.359577
bc076914-6f93-4f02-82aa-5f2307a52197,Bartunkova N.,132,0,,WTA,2026-01-18T14:00:25.359510,2026-01-18T14:00:25.359577
c1d70bb1-9ae9-45e8-b669-bec3d86cd9bf,Garland J.,132,0,,WTA,2026-01-18T14:00:25.359510,2026-01-18T14:00:25.359577
7dfca6ac-b6bc-4c47-83f1-eac53df9523a,Sawangkaew M.,132,0,,WTA,2026-01-18T14:00:25.359510,2026-01-18T14:00:25.359577
58748007-987f-4088-a537-0c52790020a8,Romero Gormaz L.,133,0,,WTA,2026-01-18T14:00:25.359510,2026-01-18T14:00:25.359577
e4e75755-0442-4d12-ae28-3dfc2b88981f,Salkova D.,135,0,,WTA,2026-01-18T14:00:25.359510,2026-01-18T14:00:25.359577
c4a67c15-040d-4fac-b6af-7754d338b671,Sharma A.,135,0,,WTA,2026-01-18T14:00:25.359510,2026-01-18T14:00:25.359577
5d994ce2-4d29-4286-b6f3-3dc9245f22a2,Inglis M.,136,0,,WTA,2026-01-18T14:00:25.359510,2026-01-18T14:00:25.359577
16393e4a-f8d8-4577-93d6-f53063f2cc37,Osuigwe W.,136,0,,WTA,2026-01-18T14:00:25.359510,2026-01-18T14:00:25.359577
4c0dddbd-fd6f-4ca5-92e9-f9f1f371e287,Grabher J.,138,0,,WTA,2026-01-18T14:00:25.359510,2026-01-18T14:00:25.359577
b92a8a33-b697-4623-a731-df8edb022ef9,Watson H.,139,0,,WTA,2026-01-18T14:00:25.359510,2026-01-18T14:00:25.359577
984b69e0-b4d6-4738-a320-af0731f41658,Preston T.,140,0,,WTA,2026-01-18T14:00:25.359510,2026-01-18T14:00:25.359577
6c91bcf2-cb1d-4e93-90a0-2eae3ce2b309,Korneeva A.,141,0,,WTA,2026-01-18T14:00:25.359510,2026-01-18T14:00:25.359577
5580c81b-5701-4878-8b3f-03055d099597,Miyazaki Y.,145,0,,WTA,2026-01-18T14:00:25.359510,2026-01-18T14:00:25.359577
fa56b553-c52a-4053-87c2-b14a5824c429,Hartono A.,146,0,,WTA,2026-01-18T14:00:25.359510,2026-01-18T14:00:25.359577
2362dc9a-f3f9-41e1-ae96-41b22d11c381,Stefanini L.,146,0,,WTA,2026-01-18T14:00:25.359510,2026-01-18T14:00:25.359577
da195f89-c554-425f-8bc9-e9db036b527f,Selekhmeteva O.,147,0,,WTA,2026-01-18T14:00:25.359510,2026-01-18T14:00:25.359577
21f3fbed-6967-4df4-9c9c-758be0aac721,Charaeva A.,150,0,,WTA,2026-01-18T14:00:25.359510,2026-01-18T14:00:25.359577
1cf83d9d-a190-4308-9c6c-1d7dd0d7e34c,Mandlik E.,150,0,,WTA,2026-01-18T14:00:25.359510,2026-01-18T14:00:25.359577
8811737d-3e21-40bb-9704-a93391d08961,Kraus S.,153,0,,WTA,2026-01-18T14:00:25.359510,2026-01-18T14:00:25.359577
6842f5c9-8e9b-420f-a3bf-033604c09ced,Chirico L.,154,0,,WTA,2026-01-18T14:00:25.359510,2026-01-18T14:00:25.359577
984cff85-ff6f-4aa7-876b-16cb32cea3ed,Aiava D.,155,0,,WTA,2026-01-18T14:00:25.359510,2026-01-18T14:00:25.359577
58da04cd-aef3-4f24-9527-ee3f6b56fdd6,Gao X.,155,0,,WTA,2026-01-18T14:00:25.359510,2026-01-18T14:00:25.359577
868a0232-a894-4d19-a577-9b7ddbf0b345,Martincova T.,155,0,,WTA,2026-01-18T14:00:25.359510,2026-01-18T14:00:25.359577
181c7396-3792-488a-9c59-488c6057119b,Saito S.,158,0,,WTA,2026-01-18T14:00:25.359510,2026-01-18T14:00:25.359577
9d053b0c-1deb-47ac-b8c7-61fdb5d69ad9,Von Deichmann K.,158,0,,WTA,2026-01-18T14:00:25.359510,2026-01-18T14:00:25.359577
a5a5f523-ce70-4693-adac-1be372428615,Naef C.,161,0,,WTA,2026-01-18T14:00:25.359510,2026-01-18T14:00:25.359577
9753f9e1-17bb-4a82-9eae-810023a5101c,Rogers S.,161,0,,WTA,2026-01-18T14:00:25.359510,2026-01-18T14:00:25.359577
adc1e88e-bb30-4805-a12d-b04a7ca9c412,Vidmanova D.,161,0,,WTA,2026-01-18T14:00:25.359510,2026-01-18T14:00:25.359577
b96c5baa-a161-43b0-a710-d14f70712a0a,Stojanovic N.,163,0,,WTA,2026-01-18T14:00:25.359510,2026-01-18T14:00:25.359577
d94f407c-30d9-4f78-8539-934f13a39a59,Shymanovich I.,165,0,,WTA,2026-01-18T14:00:25.359510,2026-01-18T14:00:25.359577
ef87a19a-64da-4bed-8056-58a7ae3305d2,Davis L.,166,0,,WTA,2026-01-18T14:00:25.359510,2026-01-18T14:00:25.359577
2ff43139-10e4-4154-a063-685933ceb91f,Noha Akugue N.,169,0,,WTA,2026-01-18T14:00:25.359510,2026-01-18T14:00:25.359577
180da271-50f5-4fb7-904a-fbd7b99ceef8,Mcnally C.,170,0,,WTA,2026-01-18T14:00:25.359510,2026-01-18T14:00:25.359577
74f3ec29-490a-43f7-94bd-2490fa9ebc1f,Tararudee L.,171,0,,WTA,2026-01-18T14:00:25.359510,2026-01-18T14:00:25.359577
a969a3b6-0b02-4461-9a09-ef13d133b317,Prozorova T.,172,0,,WTA,2026-01-18T14:00:25.359510,2026-01-18T14:00:25.359577
5023f53b-484f-4453-ad7f-35481bceb5df,Zavatska K.,174,0,,WTA,2026-01-18T14:00:25.359510,2026-01-18T14:00:25.359577
b4b1dced-0fa1-414d-af62-fa2255f26f05,Bara I.,178,0,,WTA,2026-01-18T14:00:25.359510,2026-01-18T14:00:25.359577
1b0c737e-6559-465a-874a-8bf58661e1ea,Janicijevic S.,178,0,,WTA,2026-01-18T14:00:25.359510,2026-01-18T14:00:25.359577
ead27f10-4cdc-414d-98ed-2b615018c5de,Makarova E.,178,0,,WTA,2026-01-18T14:00:25.359510,2026-01-18T14:00:25.359577
9ee57206-368d-4d29-b583-9f72d61a092c,Ngounoue C.,178,0,,WTA,2026-01-18T14:00:25.359510,2026-01-18T14:00:25.359577
786cc615-3e6f-4a97-b758-affc40deb8cc,Guo H.,179,0,,WTA,2026-01-18T14:00:25.359510,2026-01-18T14:00:25.359577
954630dd-09df-4cae-bb1f-c665be09df1a,Palicova B.,179,0,,WTA,2026-01-18T14:00:25.359510,2026-01-18T14:00:25.359577
5a7b7987-2d1a-41fa-9815-7575f7e9c90d,Pridankina E.,179,0,,WTA,2026-01-18T14:00:25.359510,2026-01-18T14:00:25.359577
43e47445-f9a1-4f4c-aba5-d9968badbf6d,Sanchez A.S.,179,0,,WTA,2026-01-18T14:00:25.359510,2026-01-18T14:00:25.359577
292014b0-a8a9-415e-903d-5c77188bc5d5,Iatcenko P.,181,0,,WTA,2026-01-18T14:00:25.359510,2026-01-18T14:00:25.359577
b4b80460-5d18-4b21-9dd2-6ee295b951fa,Maristany G.,182,0,,WTA,2026-01-18T14:00:25.359510,2026-01-18T14:00:25.359577
2f49bf24-0c25-4331-945e-a3802e20d46d,Brancaccio N.,183,0,,WTA,2026-01-18T14:00:25.359510,2026-01-18T14:00:25.359577
6db091ae-e17d-4d49-ae7a-a3b1401a52a2,Okamura K.,183,0,,WTA,2026-01-18T14:00:25.359510,2026-01-18T14:00:25.359577
8cccd398-1137-4231-a9a6-3caca0ebacc8,Tikhonova A.,183,0,,WTA,2026-01-18T14:00:25.359510,2026-01-18T14:00:25.359577
5d67ec90-7091-49b9-a714-31ca4c7a48ef,Baindl K.,184,0,,WTA,2026-01-18T14:00:25.359510,2026-01-18T14:00:25.359577
d3715f9e-f1cd-4870-b607-05441bfdc33e,Ciric Bagaric L.,184,0,,WTA,2026-01-18T14:00:25.359510,2026-01-18T14:00:25.359577
e2bf590d-6f73-4266-b4e7-d6933f1278e2,Ishii S.,188,0,,WTA,2026-01-18T14:00:25.359510,2026-01-18T14:00:25.359577
784462d2-1b29-42c2-91f9-f4b710ba4760,Bolkvadze M.,189,0,,WTA,2026-01-18T14:00:25.359510,2026-01-18T14:00:25.359577
d13a1153-38ff-41a7-96f3-7820336266a0,Koevermans A.,190,0,,WTA,2026-01-18T14:00:25.359510,2026-01-18T14:00:25.359577
6c4c7109-a40c-4971-a60c-edf4cf8f0fff,Branstine C.,191,0,,WTA,2026-01-18T14:00:25.359510,2026-01-18T14:00:25.359577
b93a6a09-95e0-4101-9010-4e09b675a16d,Babos T.,192,0,,WTA,2026-01-18T14:00:25.359510,2026-01-18T14:00:25.359577
e4d89f74-2265-4ad2-af9c-e23f34eba848,Barthel M.,193,0,,WTA,2026-01-18T14:00:25.359510,2026-01-18T14:00:25.359577
bfc0af6c-b85a-4c84-8efa-05608047faf2,Chang H.,194,0,,WTA,2026-01-18T14:00:25.359510,2026-01-18T14:00:25.359577
b464c305-2c75-4cb2-98e2-21fff15ec213,Falei A.,199,0,,WTA,2026-01-18T14:00:25.359510,2026-01-18T14:00:25.359577
336ac97e-821f-47ce-9fb1-14a33bfb46f2,Boskovic L.,202,0,,WTA,2026-01-18T14:00:25.359510,2026-01-18T14:00:25.359577
85175cd8-a030-44a9-a812-1475eb5cb23c,Bulgaru M.,203,0,,WTA,2026-01-18T14:00:25.359510,2026-01-18T14:00:25.359577
4faa2170-b706-49c0-b285-8ef460caa301,Serban R.,204,0,,WTA,2026-01-18T14:00:25.359510,2026-01-18T14:00:25.359577
a13ad32b-9692-416b-b1ab-ece93cd7b3d0,Stevanovic N.,204,0,,WTA,2026-01-18T14:00:25.359510,2026-01-18T14:00:25.359577
992e62ae-6e9f-4222-9732-1842f511f6d1,Wuerth T.,205,0,,WTA,2026-01-18T14:00:25.359510,2026-01-18T14:00:25.359577
471b5fb0-6b3f-45dd-b8a3-0c7e7087257b,Kung L.,206,0,,WTA,2026-01-18T14:00:25.359510,2026-01-18T14:00:25.359577
b603da14-2501-467b-a9c9-b81df4e3d9b0,Avdeeva J.,208,0,,WTA,2026-01-18T14:00:25.359510,2026-01-18T14:00:25.359577
a53bcdda-abd4-40f0-bd43-05358499eff4,Sevastova A.,208,0,,WTA,2026-01-18T14:00:25.359510,2026-01-18T14:00:25.359577
754b94b3-688c-46d7-8a7c-df54b172b3a4,Tig P.M.,210,0,,WTA,2026-01-18T14:00:25.359510,2026-01-18T14:00:25.359577
b02d1b2a-2dd8-4d8f-a24f-099d9fbb7b27,You X.,211,0,,WTA,2026-01-18T14:00:25.359510,2026-01-18T14:00:25.359577
1429f291-743d-4594-b48c-319b8bc8d864,Mladenovic K.,212,0,,WTA,2026-01-18T14:00:25.359510,2026-01-18T14:00:25.359577
175652b3-2952-4f0e-b201-2017d4d06b0d,Inoue H.,215,0,,WTA,2026-01-18T14:00:25.359510,2026-01-18T14:00:25.359577
f6608bf6-f869-451a-88df-8576f38672be,Mitu A.,216,0,,WTA,2026-01-18T14:00:25.359510,2026-01-18T14:00:25.359577
64e0432b-63ba-4709-883d-0acba472acbf,Glushko L.,220,0,,WTA,2026-01-18T14:00:25.359510,2026-01-18T14:00:25.359577
067feade-0eef-4309-981c-5aac7c866c78,Kerber A.,221,0,,WTA,2026-01-18T14:00:25.359510,2026-01-18T14:00:25.359577
e697ee49-e95b-4aac-a417-8f99c3e6c253,Monnet C.,221,0,,WTA,2026-01-18T14:00:25.359510,2026-01-18T14:00:25.359577
48207990-9749-4aa1-88fd-0882b0eabbaa,Martinez Cirez C.,222,0,,WTA,2026-01-18T14:00:25.359510,2026-01-18T14:00:25.359577
f8e4a876-7f61-4f20-a5dd-0fe4b66c3dc8,Ma Y.,224,0,,WTA,2026-01-18T14:00:25.359510,2026-01-18T14:00:25.359577
0556b644-5112-44f1-878e-fd4af5e586ae,Sakatsume H.,228,0,,WTA,2026-01-18T14:00:25.359510,2026-01-18T14:00:25.359577
14ee7cdf-4791-4582-ac8c-0d9e6c7d9d0d,Pedone G.,229,0,,WTA,2026-01-18T14:00:25.359510,2026-01-18T14:00:25.359577
99bbeb6f-ef62-4d00-8630-02027e254619,Topalova G.,229,0,,WTA,2026-01-18T14:00:25.359510,2026-01-18T14:00:25.359577
dd244da5-96de-4a97-a08e-e881a9291f19,Mateas M.,230,0,,WTA,2026-01-18T14:00:25.359510,2026-01-18T14:00:25.359577
579ca3c2-63bf-4ce5-8d0f-c1605824a45c,Jang S.,231,0,,WTA,2026-01-18T14:00:25.359510,2026-01-18T14:00:25.359577
5edb846c-3d03-4b7a-816f-1ef04e7a5474,Nahimana S.,231,0,,WTA,2026-01-18T14:00:25.359510,2026-01-18T14:00:25.359577
36a47fe2-1207-4171-b9dd-28f3d09050cd,Soboleva A.,231,0,,WTA,2026-01-18T14:00:25.359510,2026-01-18T14:00:25.359577
14532c92-1412-4be0-abca-fac8ebafb7b0,Tagger L.,235,0,,WTA,2026-01-18T14:00:25.359510,2026-01-18T14:00:25.359577
be3e6682-e3db-450f-9658-8583654622ff,Alves C.,237,0,,WTA,2026-01-18T14:00:25.359510,2026-01-18T14:00:25.359577
fa698308-c4a8-4fb9-a33d-8c05bf88d9e2,Shi H.,240,0,,WTA,2026-01-18T14:00:25.359510,2026-01-18T14:00:25.359577
88617aac-34d2-495f-b8d3-3d62fbc91a39,Rosatello C.,245,0,,WTA,2026-01-18T14:00:25.359510,2026-01-18T14:00:25.359577
13056d89-621f-480e-b5b0-715352fc0a59,Van Uytvanck A.,245,0,,WTA,2026-01-18T14:00:25.359510,2026-01-18T14:00:25.359577
9a9a535a-c907-4ad8-b4fa-7d9ded01a1b2,Samson L.,248,0,,WTA,2026-01-18T14:00:25.359510,2026-01-18T14:00:25.359577
25b04c83-be55-4999-b361-fc76d8fd973d,Gasanova A.,249,0,,WTA,2026-01-18T14:00:25.359510,2026-01-18T14:00:25.359577
dc4b47ee-bbff-4578-9910-315cba6c4d51,Vedder E.,249,0,,WTA,2026-01-18T14:00:25.359510,2026-01-18T14:00:25.359577
8508bbc8-f028-4014-85e2-0c1494fa6937,Benoit M.,250,0,,WTA,2026-01-18T14:00:25.359510,2026-01-18T14:00:25.359577
b5aeb0dd-8620-49fb-b383-bf7258edd5e3,Rogers A.S.,250,0,,WTA,2026-01-18T14:00:25.359510,2026-01-18T14:00:25.359577
42c7adac-e952-4f8c-ae1d-9487dcb37cb6,Burillo Escorihuela I.,251,0,,WTA,2026-01-18T14:00:25.359510,2026-01-18T14:00:25.359577
a9af54e9-c77d-47ed-a5e0-a92d5cd930be,Rouvroy M.,253,0,,WTA,2026-01-18T14:00:25.359510,2026-01-18T14:00:25.359577
a1064a26-d5b5-4fb4-bbaf-639661f51f05,Sobolieva A.,256,0,,WTA,2026-01-18T14:00:25.359510,2026-01-18T14:00:25.359577
142b908a-9422-4389-a6c9-a2d6e32bb032,Lu J.,259,0,,WTA,2026-01-18T14:00:25.359510,2026-01-18T14:00:25.359577
e7721773-f9cc-470f-8ff1-76e313191159,Liang E.S.,260,0,,WTA,2026-01-18T14:00:25.359510,2026-01-18T14:00:25.359577
74e2736e-b54f-4ad0-b8d9-fb5798051c2e,Cross K.,262,0,,WTA,2026-01-18T14:00:25.359510,2026-01-18T14:00:25.359577
5293a132-819f-4196-919c-02375f1a7b86,Sonobe W.,263,0,,WTA,2026-01-18T14:00:25.359510,2026-01-18T14:00:25.359577
e04e7c99-29ca-4b81-821a-37801057dc3c,Robbe A.,265,0,,WTA,2026-01-18T14:00:25.359510,2026-01-18T14:00:25.359577
62d98b91-fec4-4989-9560-2336b738c285,Zhao C.,268,0,,WTA,2026-01-18T14:00:25.359510,2026-01-18T14:00:25.359577
c30318d3-9d49-42fb-b21c-85a01e4d0a3e,Fossa Huergo N.,269,0,,WTA,2026-01-18T14:00:25.359510,2026-01-18T14:00:25.359577
dc7766f5-cf17-4400-93fb-6aea31338220,Werner C.,271,0,,WTA,2026-01-18T14:00:25.359510,2026-01-18T14:00:25.359577
99280dad-b2b4-4706-88bd-c8db16a725da,Krunic A.,275,0,,WTA,2026-01-18T14:00:25.359510,2026-01-18T14:00:25.359577
dea8a1eb-2e9f-460e-b3f1-3b7b60c3aa6c,Yamaguchi M.,279,0,,WTA,2026-01-18T14:00:25.359510,2026-01-18T14:00:25.359577
9fed7976-b3fb-43be-9179-8bdde56d25fe,Nugroho P.M.,280,0,,WTA,2026-01-18T14:00:25.359510,2026-01-18T14:00:25.359577
7fe02582-f867-460d-88fc-2593fcb053cb,Stollar F.,280,0,,WTA,2026-01-18T14:00:25.359510,2026-01-18T14:00:25.359577
0536e8cf-0ccc-4199-abcf-980abe296baa,Hovde L.,286,0,,WTA,2026-01-18T14:00:25.359510,2026-01-18T14:00:25.359577
acddaebc-cd2a-415e-9f15-3347a6023b51,Yao X.,286,0,,WTA,2026-01-18T14:00:25.359510,2026-01-18T14:00:25.359577
80de02ca-8bfa-4791-b01f-8b0bcf1f79de,Schunk N.,288,0,,WTA,2026-01-18T14:00:25.359510,2026-01-18T14:00:25.359577
4de21efc-457e-4a56-8174-ac88971abe86,Ortenzi J.,289,0,,WTA,2026-01-18T14:00:25.359510,2026-01-18T14:00:25.359577
971f1a44-65fd-44b7-8f3a-25574d29f7f4,Urhobo A.,292,0,,WTA,2026-01-18T14:00:25.359510,2026-01-18T14:00:25.359577
acaa5b28-fe15-4b48-be36-8ac0ae1f9dfc,Jones E.,293,0,,WTA,2026-01-18T14:00:25.359510,2026-01-18T14:00:25.359577
7590d888-33e6-4d9c-ac3c-cb9c37386748,Park S.,293,0,,WTA,2026-01-18T14:00:25.359510,2026-01-18T14:00:25.359577
65f15f38-1e7d-4b19-8981-312fc12c7fdd,Scott K.,299,0,,WTA,2026-01-18T14:00:25.359510,2026-01-18T14:00:25.359577
934b3f21-74b1-4bdd-928e-b1975402f267,Rodriguez V.,300,0,,WTA,2026-01-18T14:00:25.359510,2026-01-18T14:00:25.359577
aefe2ac0-95ca-42f8-856f-4b7b823dce48,Ristic M.,301,0,,WTA,2026-01-18T14:00:25.359510,2026-01-18T14:00:25.359577
c5f0899b-ecdc-491f-a2c3-1cbfde763188,Kalieva E.,302,0,,WTA,2026-01-18T14:00:25.359510,2026-01-18T14:00:25.359577
a99ee1f4-4999-4a94-9a99-0c98907462ea,Strakhova V.,303,0,,WTA,2026-01-18T14:00:25.359510,2026-01-18T14:00:25.359577
7be959f2-f9e4-4078-8036-a44d22c82a7f,Ku Y.,305,0,,WTA,2026-01-18T14:00:25.359510,2026-01-18T14:00:25.359577
f67b795c-5731-4070-981d-fa1e27c73ae6,Back D.,306,0,,WTA,2026-01-18T14:00:25.359510,2026-01-18T14:00:25.359577
e834bd02-ddc2-4229-97fa-5f4faaeb2e47,Zheng W.,309,0,,WTA,2026-01-18T14:00:25.359510,2026-01-18T14:00:25.359577
88b08ad1-8c58-4c84-9fda-81e41dbc6127,Jamrichova R.,310,0,,WTA,2026-01-18T14:00:25.359510,2026-01-18T14:00:25.359577
1bca796c-61fb-4dc3-a8c9-202dde4e9df3,Lee G.,312,0,,WTA,2026-01-18T14:00:25.359510,2026-01-18T14:00:25.359577
3a278e3a-8cb7-4fef-bf34-a72d2e9047c7,Pigato L.,318,0,,WTA,2026-01-18T14:00:25.359510,2026-01-18T14:00:25.359577
b2260c08-9f96-4929-ac97-ca008b873edd,Xu M.,318,0,,WTA,2026-01-18T14:00:25.359510,2026-01-18T14:00:25.359577
38f8e869-8605-4777-a538-b801e1d36029,Bondarenko K.,325,0,,WTA,2026-01-18T14:00:25.359510,2026-01-18T14:00:25.359577
3533fdd2-73b0-4daf-ae32-41408785168e,Geerlings Martinez A.,331,0,,WTA,2026-01-18T14:00:25.359510,2026-01-18T14:00:25.359577
8b1c7189-77e0-40d4-ab0b-23ab4c30a3d8,Sebov K.,332,0,,WTA,2026-01-18T14:00:25.359510,2026-01-18T14:00:25.359577
2959be13-fcaa-42b8-ad93-911c86191979,Naklo T.,333,0,,WTA,2026-01-18T14:00:25.359510,2026-01-18T14:00:25.359577
e83854bd-b52d-4d3c-bb58-c7661b1c3287,Grant T.C.,335,0,,WTA,2026-01-18T14:00:25.359510,2026-01-18T14:00:25.359577
5e0be889-1049-4de7-8de0-02566bf3595c,Pareja J.,335,0,,WTA,2026-01-18T14:00:25.359510,2026-01-18T14:00:25.359577
f41b596f-3bb9-4918-a3ff-671e98d3f778,Bolsova Zadoinov A.,340,0,,WTA,2026-01-18T14:00:25.359510,2026-01-18T14:00:25.359577
327c34a0-dc6c-44b6-ad14-446fad6510c9,Yamalapalli S.,344,0,,WTA,2026-01-18T14:00:25.359510,2026-01-18T14:00:25.359577
96375dc6-5fa0-4671-bdf7-9e9bf1b24547,Cengiz B.,347,0,,WTA,2026-01-18T14:00:25.359510,2026-01-18T14:00:25.359577
86736a77-b45f-41f8-a1f5-4e3118d8d737,Appleton E.,356,0,,WTA,2026-01-18T14:00:25.359510,2026-01-18T14:00:25.359577
7dadeabc-3cd4-4faf-b4cb-98032fd6551d,Herrero Linana A.,358,0,,WTA,2026-01-18T14:00:25.359510,2026-01-18T14:00:25.359577
909f12e0-fda2-43c3-b914-53074411223c,Saigo R.,365,0,,WTA,2026-01-18T14:00:25.359510,2026-01-18T14:00:25.359577
137a8b87-1db0-4d99-867d-09f22fe2bc25,Contreras Gomez F.,366,0,,WTA,2026-01-18T14:00:25.359510,2026-01-18T14:00:25.359577
a45e955d-e3f1-4b95-b7b5-7f2cfb877c70,Laskutova K.,366,0,,WTA,2026-01-18T14:00:25.359510,2026-01-18T14:00:25.359577
da21ebde-684b-4d61-999d-6d87a8932ac8,Liu F.,367,0,,WTA,2026-01-18T14:00:25.359510,2026-01-18T14:00:25.359577
1c277814-793b-4056-ac28-e9dfc2e0fed2,Toth A.,371,0,,WTA,2026-01-18T14:00:25.359510,2026-01-18T14:00:25.359577
9c80a3f6-6053-47ba-a740-7ce678d0e28f,Pieri T.,377,0,,WTA,2026-01-18T14:00:25.359510,2026-01-18T14:00:25.359577
35888e8f-d594-4847-ae9d-49a411e6ec1b,Mansouri Y.,380,0,,WTA,2026-01-18T14:00:25.359510,2026-01-18T14:00:25.359577
0163f9be-4a8f-4737-8e7e-1c64da783646,Lew Yan Foon A.,381,0,,WTA,2026-01-18T14:00:25.359510,2026-01-18T14:00:25.359577
42e277ba-0f11-4956-ae7a-88deb607873f,Diyas Z.,388,0,,WTA,2026-01-18T14:00:25.359510,2026-01-18T14:00:25.359577
5f1c8947-fe45-41b7-a772-0aea6bec5957,Wang Q.,403,0,,WTA,2026-01-18T14:00:25.359510,2026-01-18T14:00:25.359577
ea035693-1d1d-46a1-9262-21bcc5f61f5e,Siskova A.,406,0,,WTA,2026-01-18T14:00:25.359510,2026-01-18T14:00:25.359577
0977957b-ffd6-4a20-b768-73a0083b3ff3,Chong E.,409,0,,WTA,2026-01-18T14:00:25.359510,2026-01-18T14:00:25.359577
edd8a8ad-d740-426d-8f10-abf369ff9729,Tona M.,409,0,,WTA,2026-01-18T14:00:25.359510,2026-01-18T14:00:25.359577
ed774481-f54f-4c25-bdaa-88433e4cd248,Wang M.,410,0,,WTA,2026-01-18T14:00:25.359510,2026-01-18T14:00:25.359577
c6514021-3f67-4d31-976a-340baad7ba0b,Wong C.,412,0,,WTA,2026-01-18T14:00:25.359510,2026-01-18T14:00:25.359577
ca0cf3a9-5a1b-466c-a73d-88a343c33f10,Lodikova D.,415,0,,WTA,2026-01-18T14:00:25.359510,2026-01-18T14:00:25.359577
5410c915-f7d8-424e-8b15-d6583f63f165,Diatchenko V.,429,0,,WTA,2026-01-18T14:00:25.359510,2026-01-18T14:00:25.359577
992073b1-1287-4138-8d1b-baf5a4e90669,Bhamidipaty S.R.,434,0,,WTA,2026-01-18T14:00:25.359510,2026-01-18T14:00:25.359577
fe518105-3328-43ad-9fc5-f3f71180e0f8,Melnikova M.,440,0,,WTA,2026-01-18T14:00:25.359510,2026-01-18T14:00:25.359577
eadd5fa0-e711-4c7f-9331-65c0090253b6,Urgesi F.,455,0,,WTA,2026-01-18T14:00:25.359510,2026-01-18T14:00:25.359577
f0ebbb1b-e72b-44c9-8e78-90cdd700a17e,Williams V.,457,0,,WTA,2026-01-18T14:00:25.359510,2026-01-18T14:00:25.359577
4b1845fd-0228-45ae-bc4c-444fc220aa20,Wurth T.,461,0,,WTA,2026-01-18T14:00:25.359510,2026-01-18T14:00:25.359577
70cea8be-345c-46e9-849c-dcc1e278a438,Okalova M.,464,0,,WTA,2026-01-18T14:00:25.359510,2026-01-18T14:00:25.359577
cf1eca02-c913-4d11-bd39-b44963f74c34,Kobori M.,470,0,,WTA,2026-01-18T14:00:25.359510,2026-01-18T14:00:25.359577
edafb9c1-4818-49c4-aac5-833737e2ba1f,Prisacariu A.,474,0,,WTA,2026-01-18T14:00:25.359510,2026-01-18T14:00:25.359577
b5f00360-3ab5-4faa-b69d-c5985440a40b,Vrancken Peeters A.,493,0,,WTA,2026-01-18T14:00:25.359510,2026-01-18T14:00:25.359577
0c4302dc-3134-4c3c-b81a-7e6099cf85ce,Wong Hong Yi C.,498,0,,WTA,2026-01-18T14:00:25.359510,2026-01-18T14:00:25.359577
11dd8bc1-ef0f-4038-a192-8332eca63b7b,Ren Y.,500,0,,WTA,2026-01-18T14:00:25.359510,2026-01-18T14:00:25.359577
b845bad4-792a-4caf-ae93-083f1c803e6c,Konjuh A.,508,0,,WTA,2026-01-18T14:00:25.359510,2026-01-18T14:00:25.359577
d62966b3-9790-487d-bdc9-8cde70ea055f,Arseneault A.,515,0,,WTA,2026-01-18T14:00:25.359510,2026-01-18T14:00:25.359577
3123be96-5112-45f0-b39f-8343c4d252b9,Morvayova V.,520,0,,WTA,2026-01-18T14:00:25.359510,2026-01-18T14:00:25.359577
ce8ae04f-3d79-4823-9ed9-36c325ca2699,Friedsam A.L.,528,0,,WTA,2026-01-18T14:00:25.359510,2026-01-18T14:00:25.359577
9ab98c2d-53ec-489a-8eae-e3906f33f9c6,Di Sarra F.,530,0,,WTA,2026-01-18T14:00:25.359510,2026-01-18T14:00:25.359577
1c799503-721d-4b7d-8d49-ee5cc09fdaa3,Nugroho P.,535,0,,WTA,2026-01-18T14:00:25.359510,2026-01-18T14:00:25.359577
5fd4960a-1a7a-4311-ba41-5e0bd344d027,Sidorova K.,541,0,,WTA,2026-01-18T14:00:25.359510,2026-01-18T14:00:25.359577
306d29de-c9ed-4e45-a993-e8e70b1f2207,Loeb J.,542,0,,WTA,2026-01-18T14:00:25.359510,2026-01-18T14:00:25.359577
c030e38d-fbc5-4980-be64-a65961dd9133,Rapolu M.,542,0,,WTA,2026-01-18T14:00:25.359510,2026-01-18T14:00:25.359577
659e49a9-e2de-4846-bdea-a4d333e9cc0f,Kvitova P.,543,0,,WTA,2026-01-18T14:00:25.359510,2026-01-18T14:00:25.359577
da44ba5f-95c4-4f3c-992e-1d4f223c3414,Barros V.L.,566,0,,WTA,2026-01-18T14:00:25.359510,2026-01-18T14:00:25.359577
f4d75cb1-f559-442c-937c-037202fd974e,Kabbaj Y.,566,0,,WTA,2026-01-18T14:00:25.359510,2026-01-18T14:00:25.359577
f3dd4c22-097d-4b06-9df3-1478683303e9,Szabanin N.,572,0,,WTA,2026-01-18T14:00:25.359510,2026-01-18T14:00:25.359577
9e480d72-9a9c-43c1-b9e3-42581ef0a079,Klugman H.,573,0,,WTA,2026-01-18T14:00:25.359510,2026-01-18T14:00:25.359577
4db8a801-91d1-4747-b3ae-23f3cb9b601d,Fullana L.,578,0,,WTA,2026-01-18T14:00:25.359510,2026-01-18T14:00:25.359577
2f97462d-5759-4119-a3ff-63d0ef9f7267,Kotliar Y.,585,0,,WTA,2026-01-18T14:00:25.359510,2026-01-18T14:00:25.359577
c0ee38a9-5c92-4d9d-90cd-bc826d9331e4,Maleckova J.,589,0,,WTA,2026-01-18T14:00:25.359510,2026-01-18T14:00:25.359577
9d658f7a-aefc-4241-b305-f8b71919cf88,Candiotto A.,593,0,,WTA,2026-01-18T14:00:25.359510,2026-01-18T14:00:25.359577
dfff5dcc-8194-4b02-a5b6-a55dda74f3b6,Zhu C.,596,0,,WTA,2026-01-18T14:00:25.359510,2026-01-18T14:00:25.359577
cf638913-3a0a-45e1-b973-bbcf56c8a548,Zucchini A.,620,0,,WTA,2026-01-18T14:00:25.359510,2026-01-18T14:00:25.359577
6552ec04-3154-4ddf-bb3a-b3007d599203,Kostovic T.,625,0,,WTA,2026-01-18T14:00:25.359510,2026-01-18T14:00:25.359577
9dd4727f-a975-4f7e-b44e-8bcabb0533db,El Aouni A.,629,0,,WTA,2026-01-18T14:00:25.359510,2026-01-18T14:00:25.359577
83c95589-fff8-49ef-a1d2-615141cef17c,Stojsavljevic M.,633,0,,WTA,2026-01-18T14:00:25.359510,2026-01-18T14:00:25.359577
4467ecc9-11e1-4fa2-b72a-a1624916172e,Barry M.,649,0,,WTA,2026-01-18T14:00:25.359510,2026-01-18T14:00:25.359577
19f67afc-27b3-40e3-9227-c310ebf961a1,Rajeshwaran Revathi M.,658,0,,WTA,2026-01-18T14:00:25.359510,2026-01-18T14:00:25.359577
d5d4fa3a-7717-4c7a-916b-190406511d95,Pohankova M.,659,0,,WTA,2026-01-18T14:00:25.359510,2026-01-18T14:00:25.359577
e4ce17ea-1c09-442f-9027-70de00268cbb,Zheng S.,681,0,,WTA,2026-01-18T14:00:25.359510,2026-01-18T14:00:25.359577
a4e23eb6-89e3-411c-a9f2-0b427f1b8541,Steiner V.,692,0,,WTA,2026-01-18T14:00:25.359510,2026-01-18T14:00:25.359577
0d9f2c76-3cb6-47b9-bb33-0c4a98badf28,Adkar V.,697,0,,WTA,2026-01-18T14:00:25.359510,2026-01-18T14:00:25.359577
2ba927a7-b40b-4cd9-8f64-e45668eca794,Van den Broek I.L.,704,0,,WTA,2026-01-18T14:00:25.359510,2026-01-18T14:00:25.359577
541eea8e-f5d5-46d2-b58d-c1e511fd5cc6,Ahn A.,714,0,,WTA,2026-01-18T14:00:25.359510,2026-01-18T14:00:25.359577
bc99c2a4-6703-4609-b4ac-93e20cc3b073,Monroy Y.,765,0,,WTA,2026-01-18T14:00:25.359510,2026-01-18T14:00:25.359577
561c5292-4d46-4399-8f1d-391e54ff1bf7,Kovackova A.,773,0,,WTA,2026-01-18T14:00:25.359510,2026-01-18T14:00:25.359577
747a2aa7-3774-4756-99cb-a7d14232a2b7,Noel A.,784,0,,WTA,2026-01-18T14:00:25.359510,2026-01-18T14:00:25.359577
d303743f-0141-48be-86ba-df7fb41ec7c6,Mediorreal A.V.,800,0,,WTA,2026-01-18T14:00:25.359510,2026-01-18T14:00:25.359577
8938813d-a081-48f1-9485-b9cd33f39168,Zhang R.,836,0,,WTA,2026-01-18T14:00:25.359510,2026-01-18T14:00:25.359577
b25092f1-93db-45a5-b067-4a6ccae9f21a,Havlickova L.,838,0,,WTA,2026-01-18T14:00:25.359510,2026-01-18T14:00:25.359577
640528fd-a45c-4560-8630-ffcee6cb99a4,Torres Murcia M.C.,866,0,,WTA,2026-01-18T14:00:25.359510,2026-01-18T14:00:25.359577
fff6d25d-7e3a-4bc4-941b-098d423f23b3,Halep S.,868,0,,WTA,2026-01-18T14:00:25.359510,2026-01-18T14:00:25.359577
7cf055e3-f722-42b8-9514-963c6c50d1fc,Hui K.,872,0,,WTA,2026-01-18T14:00:25.359510,2026-01-18T14:00:25.359577
38788faa-ee28-4440-80b5-8681f5841e7a,Rajecki A.,884,0,,WTA,2026-01-18T14:00:25.359510,2026-01-18T14:00:25.359577
a7d0d238-5ae5-43ea-9c08-533310ac557c,Glozman V.,902,0,,WTA,2026-01-18T14:00:25.359510,2026-01-18T14:00:25.359577
5e6e093c-d4b1-4609-97b7-327713ae9850,Stusek J.,913,0,,WTA,2026-01-18T14:00:25.359510,2026-01-18T14:00:25.359577
644a4f37-4ba5-4001-bae4-91aa90758713,Danilina A.,958,0,,WTA,2026-01-18T14:00:25.359510,2026-01-18T14:00:25.359577
4a2f2546-e217-49a6-bc8a-638d50aaa05f,Higuita Barraza M.,1080,0,,WTA,2026-01-18T14:00:25.359510,2026-01-18T14:00:25.359577
4143dd3c-ea46-49e2-9ba9-64dc156d288c,Yang V.,1139,0,,WTA,2026-01-18T14:00:25.359510,2026-01-18T14:00:25.359577
357e50ec-7298-43c3-9b79-ddf65e9d7958,El Allami M.,1143,0,,WTA,2026-01-18T14:00:25.359510,2026-01-18T14:00:25.359577
ebb7f9c1-2db1-4c0f-ab23-9ac091a19d77,Bechri C.,1206,0,,WTA,2026-01-18T14:00:25.359510,2026-01-18T14:00:25.359577
1478bf03-1472-4497-baf4-eecee9fd2491,Leme Da Silva N.V.,1206,0,,WTA,2026-01-18T14:00:25.359510,2026-01-18T14:00:25.359577
70d7e4b7-ed25-4dbe-8210-2791a0c97d89,Popa G.S.,1225,0,,WTA,2026-01-18T14:00:25.359510,2026-01-18T14:00:25.359577
85ea20cc-d5f2-41ea-ad54-ebd7fd177d9c,Sanchez Uribe M.J.,1259,0,,WTA,2026-01-18T14:00:25.359510,2026-01-18T14:00:25.359577
949e73f8-c22f-4218-80cf-3a0b492d5331,Kovinic D.,1289,0,,WTA,2026-01-18T14:00:25.359510,2026-01-18T14:00:25.359577
c114c52d-8468-4121-8ac4-e814af947896,Buzarnescu M.,1350,0,,WTA,2026-01-18T14:00:25.359510,2026-01-18T14:00:25.359577
